0,0.029412,4,3,0.050567,5,5,1,1,1,1,1,0.857143,3,2,0.333333,3,0,2,1,0
3,0.117647,4,6,0.101574,1,4,0.333333,1,1,0.666667,1,0.535714,3,2,0,2,1,1,1,0
0,0.558824,2,2,0.419941,1,4,0.333333,1,3,1,2,0.464286,3,3,0,3,1,1,1,0
3,0.470588,2,6,0.484483,5,3,0.333333,1,1,1,4,0.285714,3,3,0,2,1,2,1,0
3,0.294118,2,2,0.142236,3,5,0.666667,1,1,1,2,0.607143,3,2,0,3,0,1,1,0
1,0.470588,2,1,0.368548,1,3,0.333333,1,1,0.333333,3,0.285714,3,1,0,4,0,2,1,0
3,0.117647,2,3,0.154561,4,4,0.333333,1,1,1,1,0.75,3,2,0,2,0,1,1,0
1,0.117647,2,3,0.072466,1,3,0,2,1,0,3,0.053571,3,2,0,3,0,2,1,0
0,0.161765,2,0,0.063442,1,3,0.333333,2,1,1,3,0.160714,3,1,0,3,0,1,1,0
3,0.294118,4,3,0.119621,5,5,1,1,1,1,2,0.607143,3,2,0.333333,3,0,1,1,0
0,0.382353,0,9,0.430395,5,2,0.333333,1,1,0.666667,3,0.107143,1,2,0.666667,3,0,1,1,0
3,0.294118,2,3,0.174975,3,5,0.666667,1,1,0.333333,3,0.214286,3,2,0,3,1,2,1,0
3,0.073529,4,0,0.103665,1,3,1,1,1,1,3,0.517857,3,2,0.666667,3,0,2,1,0
0,0.029412,2,3,0.131892,3,3,0.333333,1,1,0.666667,1,0.446429,3,1,0,3,1,1,1,0
0,0.088235,4,0,0.109552,1,2,0,1,1,0.666667,1,0.517857,3,1,0.333333,2,1,1,2,0
1,0.117647,4,1,0.085507,2,2,0.666667,1,1,1,2,0.446429,3,2,0,3,0,1,1,0
3,0.088235,4,2,0.100088,5,3,0.333333,1,1,0,3,0.125,3,2,0.333333,3,0,1,2,0
0,0.029412,2,2,0.061847,1,3,0,1,1,0.333333,1,0.303571,1,2,0,2,0,2,1,0
3,0.029412,0,3,0.009684,1,5,1,1,1,1,3,0.357143,3,2,0,2,0,1,1,0
2,0.117647,1,3,0.008749,4,3,0.666667,2,1,0.666667,1,0.410714,3,1,0.333333,3,0,1,1,0
1,0.044118,2,3,0.119126,1,3,0.666667,1,3,0.333333,1,0.267857,3,2,0,3,0,1,1,0
1,0.205882,2,9,0.091504,4,2,0.666667,1,1,0.666667,1,0.303571,1,2,0,3,0,2,1,0
0,0.294118,2,2,0.207439,1,3,0.333333,1,1,0.333333,3,0.142857,2,2,0,3,0,1,1,0
1,0.205882,2,0,0.309013,2,3,0.333333,1,1,0.333333,3,0.196429,3,2,0.333333,3,0,2,1,0
3,0.117647,4,9,0.055794,5,5,1,1,1,1,4,0.678571,3,1,0,2,0,1,1,0
2,0.117647,2,2,0.067349,1,2,1,2,1,0,2,0.25,1,2,0,4,0,2,1,0
3,0.647059,4,6,0.322439,1,3,0,1,1,0.666667,4,0.214286,1,3,0,3,0,2,1,0
2,0.088235,2,4,0.053648,1,3,0.333333,1,1,0.333333,3,0.321429,3,2,0,3,0,2,1,0
1,0.073529,2,3,0.011445,1,3,1,1,1,0.666667,1,0.089286,3,2,0,3,0,1,1,0
3,0.382353,2,3,0.114614,3,5,1,1,1,0.333333,3,0.196429,1,2,0,4,0,1,1,0
1,0.117647,2,3,0.049961,3,3,0.666667,1,1,0,3,0.125,3,2,0,3,0,2,1,0
1,0.205882,3,5,0.327611,1,3,0.333333,1,1,1,1,0.446429,3,2,0,2,1,2,1,0
0,0.382353,4,1,0.326675,2,4,0,1,1,1,3,0.089286,3,1,0.333333,3,0,1,1,0
3,0.102941,4,0,0.062892,1,2,1,2,1,1,3,0.285714,3,2,0.333333,4,0,1,1,0
3,0.470588,2,3,0.112743,3,5,1,1,1,1,3,0.357143,3,2,0,3,0,1,1,0
0,0.029412,2,1,0.060636,3,1,0,2,1,0.333333,2,0.071429,3,1,0,1,0,2,1,0
3,0.102941,4,0,0.383955,1,3,0,1,1,1,2,0.357143,3,2,0.333333,2,0,1,1,0
3,0.117647,2,3,0.100308,2,3,1,2,2,0.333333,1,0.160714,3,2,0,3,0,1,1,0
1,0.294118,3,2,0.114614,5,2,1,1,1,0.333333,2,0.178571,1,2,0,2,0,1,1,0
1,0.338235,3,1,0.31446,1,5,0,1,1,0.333333,3,0.196429,3,2,0.333333,4,0,2,1,0
3,0.117647,2,3,0.055684,1,3,0.666667,1,1,0.333333,3,0.107143,3,2,0,3,0,1,1,0
3,0.205882,2,1,0.172114,5,3,0.333333,1,1,0,2,0.214286,3,2,0,3,0,2,1,0
3,0.029412,1,0,0.029328,5,3,0,1,3,0.333333,1,0.125,2,2,0,2,1,1,1,0
3,0.470588,4,3,0.5126,1,3,0.333333,2,1,0.333333,3,0.214286,2,2,0.333333,3,0,1,1,0
2,0.205882,2,0,0.094145,1,5,0.666667,2,1,0.333333,3,0.071429,3,2,0,4,0,1,1,0
1,0.073529,2,9,0.062782,1,3,0.333333,1,1,0,1,0.142857,1,2,0,3,0,2,1,0
1,0.161765,4,3,0.070815,5,5,1,1,3,1,1,0.553571,3,2,0.333333,3,0,2,1,0
3,0.294118,2,3,0.161274,1,2,1,2,1,1,2,0.125,3,2,0,3,0,2,1,0
3,0.338235,2,5,0.271817,5,5,1,1,1,1,2,0.517857,3,2,1,3,1,2,1,0
3,0.117647,2,3,0.1057,1,2,0.333333,2,1,0.333333,3,0.178571,1,2,0,3,0,1,1,0
1,0.117647,2,0,0.041653,4,3,1,1,1,0,1,0.053571,3,2,0,3,0,1,1,0
3,0.470588,2,3,0.117971,5,3,1,2,1,1,3,0.107143,3,2,0,3,0,1,1,0
3,0.470588,2,1,0.433752,1,3,0,2,1,0.333333,2,0.196429,1,2,0,3,0,1,1,0
3,0.044118,4,3,0.026411,5,5,1,1,1,0.333333,2,0.482143,3,1,0.333333,2,0,2,1,0
0,0.058824,4,10,0.050292,1,5,0.666667,1,1,1,4,0.571429,1,3,0.333333,4,1,2,1,0
1,0.558824,4,9,0.313855,1,4,0.333333,2,1,0,1,0.392857,1,2,0.333333,2,0,1,1,0
0,0.117647,4,1,0.07021,1,5,1,1,1,1,4,0.839286,3,3,0.333333,4,0,1,1,0
1,0.102941,3,3,0.248762,1,4,0.333333,1,1,1,2,0.571429,3,2,0,3,0,1,1,0
3,0.735294,0,1,0.505447,5,3,0.333333,1,1,0.333333,2,0.357143,3,2,0,2,1,1,1,0
1,0.382353,2,2,0.197095,1,2,0.333333,1,1,0,2,0.053571,3,2,0,3,0,1,1,0
3,0.161765,2,3,0.052988,3,5,1,1,1,0.666667,2,0.5,2,2,0,3,0,2,1,0
3,0.205882,2,9,0.072521,2,3,0.666667,2,1,1,2,0.089286,3,1,0,2,0,1,1,0
0,0.294118,2,10,0.082811,1,5,1,2,3,1,1,0.696429,3,2,0,2,0,2,1,0
0,0.088235,2,3,0.113624,1,5,0.666667,1,1,1,1,0.589286,3,2,0,2,0,1,1,0
3,0.117647,4,9,0.063937,1,3,1,2,3,0.333333,1,0.178571,3,2,0.333333,4,0,2,1,0
1,0.205882,4,2,0.0575,1,2,1,2,1,0,2,0.142857,3,2,0.333333,3,0,1,1,0
0,0.205882,2,0,0.109992,2,4,1,1,1,0.666667,3,0.196429,3,2,0,4,1,2,1,0
3,0.117647,4,3,0.020249,1,5,1,1,1,1,1,0.660714,3,2,0,3,0,1,1,0
0,0.117647,4,1,0.063772,1,5,1,1,1,0.666667,1,0.625,3,2,0,3,0,1,1,0
2,0.294118,4,2,0.185265,5,5,1,1,2,1,4,0.017857,3,1,0.333333,3,0,1,1,0
1,0.117647,2,0,0.058765,4,5,1,1,1,1,1,0.625,3,2,0,3,0,2,1,0
3,0.117647,4,6,0.096952,5,4,1,2,1,0.333333,3,0.75,3,2,0,3,0,1,1,0
1,0.205882,2,9,0.130516,2,3,1,1,1,1,3,0.267857,3,2,0,3,0,1,1,0
1,0.470588,4,3,0.114834,1,5,1,1,1,1,1,0.303571,3,2,0,3,0,1,1,0
1,0.235294,3,1,0.374546,5,4,0.666667,1,1,1,2,0.303571,1,1,0.333333,4,1,2,1,0
3,0.294118,2,0,0.067074,2,5,1,1,1,1,1,0.392857,3,1,0,2,0,1,1,0
1,0.470588,2,3,0.114064,1,4,1,1,1,1,3,0.089286,3,1,0,3,0,1,1,0
3,0.029412,3,3,0.037526,1,3,0.666667,2,1,0.333333,1,0.089286,3,2,0,3,0,1,1,0
1,0.073529,4,2,0.091834,1,4,1,1,1,0.666667,3,0.285714,3,1,0,3,0,2,1,0
3,0.117647,2,1,0.120777,5,2,0.333333,1,1,1,3,0.125,3,1,0,3,0,2,1,0
1,0.117647,2,0,0.320678,1,4,0.333333,1,1,0.333333,3,0.232143,3,2,0,3,0,1,1,0
0,0.294118,2,2,0.411082,5,2,0,2,1,0.333333,2,0.196429,3,2,0,3,0,2,2,0
1,0.147059,2,9,0.063827,3,5,0,1,1,0.333333,1,0.285714,3,2,0,3,0,2,1,0
1,0.029412,3,9,0.065973,2,5,0,1,1,0.333333,3,0.214286,1,2,0.333333,3,1,1,1,0
2,0.161765,2,6,0.007813,1,2,1,2,1,1,2,0.071429,3,1,0,3,0,2,1,0
1,0.205882,2,0,0.330692,1,4,0.666667,1,1,0.666667,1,0.160714,3,1,0,2,0,1,1,0
0,0.117647,2,3,0.078684,3,5,0.666667,1,1,0,1,0.285714,3,2,0,3,0,1,1,0
3,0.647059,4,3,0.183119,5,5,1,1,1,0,1,0.5,3,2,0,3,0,2,1,0
0,0.088235,4,2,0.103555,5,2,0.333333,2,2,0.666667,1,0.142857,3,1,0.333333,3,0,1,2,0
1,0.117647,4,0,0.11643,3,4,0.666667,1,1,0.666667,3,0.303571,3,2,0,4,0,2,1,0
3,0.294118,4,1,0.199076,1,5,1,2,1,0.333333,3,0.392857,3,1,0.333333,4,0,2,1,0
3,0.117647,2,2,0.083526,1,3,0.666667,1,1,0.333333,1,0.089286,3,1,0,2,0,1,1,0
2,0.088235,4,0,0.029218,1,5,1,1,1,1,4,0.785714,3,3,0.333333,3,0,2,1,0
0,0.117647,4,0,0.102949,1,3,1,1,1,0.333333,2,0.196429,3,2,0.333333,3,0,1,1,0
0,0.117647,2,3,0.024816,1,3,1,1,1,0.333333,1,0.375,3,2,0,2,0,1,1,0
1,0.117647,4,1,0.088588,1,1,1,1,1,0.333333,3,0.267857,3,2,0.333333,4,0,2,1,0
1,0.647059,2,0,0.45323,5,4,0,2,1,0.333333,3,0.089286,3,2,0,3,0,1,1,0
3,0.161765,2,2,0.135248,1,2,0.333333,1,1,0.666667,2,0.142857,1,2,0.333333,2,0,1,1,0
3,0.205882,2,2,0.095411,1,3,1,1,1,1,4,0.5,1,3,0.333333,3,0,1,1,0
3,0.823529,2,3,0.544404,2,4,0.333333,2,1,1,1,0.035714,3,2,0,3,0,2,1,0
3,0.117647,4,3,0.054473,5,5,1,2,1,0.333333,1,0.339286,3,2,0.333333,3,0,2,1,0
3,0.338235,3,1,0.460163,4,3,0.333333,1,1,0.333333,3,0.142857,3,2,0.333333,3,0,1,1,0
1,0.161765,4,3,0.136349,5,4,1,1,3,0.333333,1,0.285714,1,2,0.666667,3,0,2,1,0
2,0.117647,2,3,0.089744,1,3,0.333333,2,1,0.333333,3,0.446429,3,1,0,2,0,2,1,0
2,0.029412,2,0,0.025256,4,2,0.333333,1,1,0.333333,1,0.142857,3,2,0,1,0,1,2,0
1,0.470588,2,3,0.250083,1,2,1,2,1,0,4,0.196429,3,2,0,4,0,2,1,0
0,0.338235,2,3,0.174205,1,3,0.666667,1,1,0.333333,3,0.142857,3,2,0,4,0,1,1,0
3,0.25,4,2,0.112138,1,2,1,2,1,1,2,0.071429,3,2,0,3,0,2,1,0
1,0.647059,1,9,0.182458,2,4,1,1,1,0.333333,3,0.196429,3,2,0,3,0,1,1,0
0,0.029412,4,0,0.033564,1,5,0,2,1,1,4,0.357143,3,2,0.333333,3,0,2,1,0
3,0.117647,4,0,0.02377,2,4,1,2,1,0.666667,3,0.571429,3,2,0.333333,3,0,2,1,0
0,0.470588,4,2,0.281776,1,3,0.666667,1,3,0.333333,2,0.160714,3,2,0.333333,3,0,1,1,0
3,0.205882,4,3,0.073292,4,5,1,1,1,1,3,0.482143,3,2,0.333333,3,0,1,1,0
3,0.029412,2,3,0.060306,2,5,0.333333,1,1,1,4,0.410714,1,3,0,3,1,2,1,0
3,0.088235,2,3,0.09211,1,3,0,1,1,1,2,0.339286,3,2,0,3,0,2,2,0
2,0.470588,2,3,0.308022,1,3,1,1,1,0,3,0.089286,3,2,0,3,0,1,1,0
1,0.294118,4,1,0.413118,4,5,0.333333,2,1,1,4,0.178571,3,1,0,3,0,1,1,0
1,0.294118,3,9,0.369594,2,4,1,1,1,1,3,0.303571,3,1,0,4,0,2,1,0
0,0.073529,4,5,0.057115,2,5,0.666667,1,3,1,1,0.517857,3,2,0.333333,3,1,1,2,0
0,0.117647,1,8,0.004897,1,5,1,1,1,0,3,0.464286,1,2,0,2,0,1,1,0
1,0.294118,2,0,0.179487,2,4,0.333333,1,1,0.666667,3,0.339286,1,2,0.333333,3,0,2,1,0
3,0.029412,4,3,0.090679,5,3,0,1,1,0.333333,1,0.267857,3,2,0.333333,2,1,1,1,0
3,0.294118,4,3,0.144272,2,5,0.666667,1,1,1,1,0.303571,3,2,0,3,1,2,1,0
3,0.205882,4,0,0.044294,1,2,1,2,1,0,2,0.196429,3,2,0.333333,3,0,1,1,0
3,0.161765,2,4,0.055684,3,4,1,1,1,0.666667,2,0.303571,3,2,0.333333,3,0,2,1,0
1,0.088235,2,0,0.388357,1,1,0.333333,1,1,1,4,0.910714,1,3,0,4,0,2,1,0
3,0.470588,2,0,0.036261,3,5,1,1,1,1,2,0.303571,3,2,0,3,0,1,1,0
3,0.029412,2,2,0.150105,3,3,0,1,1,0.333333,3,0.232143,3,2,0,3,0,2,1,0
1,0.102941,2,2,0.073016,4,2,1,2,1,0,1,0.017857,3,2,0,3,0,1,1,0
3,0.294118,2,2,0.204798,1,4,0.333333,2,1,1,2,0.107143,3,1,0,3,0,2,1,0
3,0.117647,2,2,0.028227,1,3,1,2,1,0,1,0.125,3,2,0,3,0,2,1,0
1,0.058824,2,3,0.064048,1,3,1,1,3,0.333333,1,0.25,3,2,0,3,0,1,2,0
0,0.117647,2,2,0.12804,1,3,0.333333,1,1,0,3,0.410714,3,2,0,3,0,1,1,0
0,0.029412,4,3,0.004842,3,5,1,1,1,1,3,0.589286,3,2,0.333333,3,0,1,1,0
3,0.117647,2,3,0.094256,1,4,1,1,1,0.333333,3,0.214286,3,1,0.333333,4,1,2,1,0
0,0.25,4,0,0.017663,1,5,1,1,1,1,1,0.821429,3,2,0.333333,3,0,1,1,0
3,0.294118,4,2,0.194068,4,3,1,1,1,1,1,0.553571,3,2,0,3,0,2,1,0
3,0.161765,4,3,0.061076,1,3,1,1,1,0.333333,2,0.214286,3,2,0.333333,3,0,1,1,0
1,0.176471,4,0,0.050897,1,1,0.333333,1,1,0.666667,3,0.875,3,3,0.666667,1,0,2,1,0
1,0.205882,0,2,0.164741,1,3,0,2,1,1,3,0.25,1,2,0.333333,3,0,2,1,0
3,0.029412,2,3,0.102234,1,4,0.333333,1,1,0.333333,1,0.178571,3,1,0,3,0,1,1,0
3,0.029412,4,3,0.062287,1,3,0,2,1,0,3,0.160714,3,2,0.333333,3,0,2,1,0
1,0.294118,2,1,0.138109,5,5,1,1,1,1,4,0.303571,1,3,0,3,0,2,1,0
3,0.073529,4,6,0.037746,3,5,1,1,1,0.333333,3,0.589286,3,2,0.333333,3,0,2,1,0
0,0.117647,2,0,0.050512,1,3,1,1,1,0.666667,1,0.142857,3,2,0,2,0,1,1,0
3,0.338235,3,9,0.2678,1,4,0.666667,1,1,1,3,0.125,3,2,0.333333,3,0,1,1,0
3,0.117647,4,0,0.068504,1,5,1,1,1,0,1,0.339286,3,2,0.333333,2,1,1,1,0
0,0.382353,4,1,0.57076,1,5,0.666667,1,1,1,4,0.339286,3,3,0.666667,4,1,2,1,0
3,0.117647,4,2,0.092715,1,5,1,1,1,1,1,0.428571,3,2,0.666667,3,0,2,1,0
1,0.117647,4,4,0.064598,1,4,1,1,1,0.666667,2,0.125,3,2,0,3,0,1,1,0
0,0.294118,2,9,0.347639,1,3,0.333333,1,1,0.333333,3,0.035714,2,2,0,2,0,1,1,0
3,0.117647,2,1,0.063993,4,4,0.666667,1,1,0.333333,2,0.642857,3,2,0,3,0,1,2,0
3,0.073529,4,3,0.155387,5,3,0,1,1,0.333333,1,0.25,3,2,0.333333,3,1,1,1,0
3,0.470588,2,3,0.19726,5,5,0.333333,2,1,1,1,0.464286,3,2,0,2,0,2,1,0
3,0.470588,4,3,0.170133,5,5,1,1,1,0.333333,3,0.571429,3,2,0,3,0,2,1,0
1,0.029412,4,8,0.037526,5,4,0,2,1,0.666667,2,0.357143,3,2,0.333333,2,0,1,1,0
0,0.205882,0,9,0.157038,1,4,0.666667,1,1,0,2,0.214286,1,2,0,3,0,2,1,0
2,0.470588,2,3,0.201552,1,3,0.333333,1,1,0.333333,1,0.071429,3,2,0,3,0,2,1,0
0,0.294118,2,2,0.152471,1,3,0.333333,1,1,0.333333,1,0.089286,3,1,0,2,0,1,1,0
3,0.088235,2,0,0.061296,1,3,0.333333,2,1,1,3,0.803571,3,2,0,3,0,2,1,0
1,0.117647,2,3,0.020634,1,2,1,1,3,0,1,0.125,1,2,0,2,0,1,1,0
0,0.117647,2,6,0.052272,5,3,1,2,1,1,2,0.071429,1,1,0,3,0,2,1,0
3,0.117647,2,3,0.025146,1,3,1,1,1,0.333333,1,0.196429,1,2,0.333333,3,0,1,1,0
3,0.294118,3,9,0.150105,5,3,1,1,1,1,1,0.232143,3,2,0.333333,3,1,2,1,0
3,0.161765,2,1,0.242489,1,3,0.666667,1,1,0.333333,3,0.196429,3,2,0,3,0,2,1,0
3,0.470588,0,5,0.130021,1,3,1,1,1,0.333333,3,0.142857,3,2,0.333333,3,0,1,1,0
0,0.294118,2,2,0.159514,1,2,1,1,1,0,4,0.053571,1,3,0,3,0,1,1,0
3,0.073529,2,0,0.124188,3,5,0.333333,1,1,1,4,0.571429,3,3,0,2,0,1,1,0
3,0.117647,2,3,0.10405,2,4,0.666667,1,1,0,4,0.285714,3,2,0,3,0,1,1,0
1,0.205882,2,3,0.033895,1,3,1,1,3,0.333333,1,0.107143,3,2,0,2,0,1,1,0
3,0,4,3,0.071201,1,4,0.333333,1,1,0,1,0.410714,3,2,0.666667,2,1,1,1,0
3,0.117647,4,3,0.05728,1,3,1,2,1,0.333333,2,0.285714,3,2,0.333333,3,0,1,1,0
0,0.382353,2,3,0.125014,1,5,0,1,3,0.666667,2,0.357143,3,2,0,3,1,1,1,0
3,0.029412,2,3,0.074007,1,4,0.666667,1,1,0.333333,2,0.571429,3,2,0,3,1,1,1,0
3,0.117647,4,9,0.051447,1,3,0.666667,2,1,0.333333,1,0.142857,3,2,0.333333,3,0,1,1,0
3,0.117647,1,8,0.175911,3,3,1,2,1,0.666667,1,0.285714,3,2,0,2,1,1,1,0
3,0.294118,2,9,0.055464,1,4,1,1,1,0,1,0.107143,3,2,0,3,0,2,1,0
3,0.117647,4,3,0.025696,1,5,1,1,1,1,1,0.589286,3,2,0.666667,3,0,1,1,0
3,0.029412,0,0,0.052493,2,3,1,1,1,0,4,0.285714,1,1,0,3,0,1,2,0
2,0.294118,2,2,0.092165,1,3,0.333333,1,1,0.333333,1,0.125,3,2,0,3,0,1,1,0
0,0.029412,4,0,0.02289,4,4,0.666667,2,1,1,1,0.357143,3,2,0.333333,2,0,2,1,0
2,0.117647,2,2,0.110102,1,3,0,2,1,0.333333,3,0.482143,3,2,0,2,0,1,1,0
3,0.294118,3,2,0.214647,2,3,0.333333,1,1,0.666667,2,0.285714,3,2,0.333333,3,0,1,1,0
1,0.073529,2,2,0.097942,5,4,0.333333,1,1,0,3,0.089286,3,2,0,3,0,2,1,0
1,0.823529,3,3,0.39441,5,3,0,1,1,0,1,0.142857,3,2,0,2,0,1,1,0
3,0.294118,4,3,0.133928,1,3,1,1,1,0.333333,1,0.285714,3,2,0.333333,2,0,1,1,0
3,0.161765,2,1,0.195994,2,2,0,2,1,1,3,0.071429,3,2,0,3,0,2,1,0
3,0.102941,4,3,0.049741,2,1,1,2,1,1,1,0.678571,3,2,0.666667,2,0,1,1,0
0,0.117647,2,2,0.077418,1,3,0.333333,1,1,0.333333,1,0.142857,3,2,0,3,0,1,1,0
0,0.294118,2,3,0.074447,1,5,1,2,1,1,3,0.642857,3,2,0,3,0,1,1,0
0,0.205882,4,0,0.27798,1,5,0.333333,1,1,1,4,0.303571,3,3,0.666667,4,0,2,1,0
3,0.117647,4,6,0.137449,1,5,0.333333,2,1,1,4,0.678571,1,3,0.666667,2,0,1,1,0
3,0.088235,4,0,0.053978,1,5,0.666667,1,1,1,1,0.232143,3,2,0.333333,2,1,1,2,0
3,0.470588,4,9,0.333113,5,5,1,1,1,1,1,0.303571,3,2,0.333333,3,0,1,1,0
3,0.294118,2,3,0.070595,1,2,1,2,1,0.666667,3,0.339286,2,2,0,3,0,2,1,0
3,0.294118,2,3,0.041213,5,5,1,1,1,0.333333,3,0.107143,3,2,0.333333,3,0,1,1,0
3,0.205882,2,0,0.132717,5,4,1,1,1,0.666667,2,0.232143,3,2,0,3,0,1,2,0
3,0.117647,4,2,0.063387,3,4,0.666667,2,1,1,3,0.321429,3,1,0,3,0,2,1,0
1,0.647059,1,0,0.655827,5,1,1,1,2,1,4,0.303571,3,3,0,4,0,2,1,0
3,0.073529,2,3,0.134643,1,3,0,1,1,0.333333,1,0.232143,3,2,0,3,1,1,1,0
3,0.205882,4,3,0.118521,1,3,0.333333,2,1,0.333333,3,0.125,3,2,0.333333,3,0,1,1,0
0,0.117647,2,2,0.055684,5,5,0.333333,1,1,1,2,0.535714,3,2,0,2,0,2,1,0
3,0.294118,2,3,0.090844,2,3,1,1,1,1,3,0.178571,3,1,0,4,0,2,1,0
3,0.161765,4,1,0.171564,4,5,0.666667,1,1,1,4,0.071429,3,1,0.333333,3,0,2,1,0
3,0.117647,2,2,0.072851,1,3,1,1,1,0.333333,1,0.553571,3,2,0,3,0,1,1,0
2,0.205882,1,3,0.065753,5,4,1,1,1,1,3,0.535714,1,2,0,2,0,1,1,0
3,0.161765,4,2,0.06988,5,5,1,1,1,1,2,0.785714,3,2,0,3,0,1,1,0
1,0.294118,4,0,0.199626,2,2,1,1,1,0.333333,3,0.321429,3,2,0,3,0,2,1,0
0,0.632353,2,0,0.576208,1,2,0,2,1,0,1,0.285714,3,2,0,2,0,2,1,0
0,0.647059,2,1,0.249697,1,4,1,1,1,0.666667,2,0.125,3,2,0,3,1,1,1,0
1,0.647059,3,10,0.403433,2,1,0.333333,1,1,1,4,0.214286,3,3,0,4,0,2,1,0
1,0.117647,2,3,0.04633,1,3,1,2,3,1,1,0.535714,3,2,0.333333,3,0,2,1,0
3,0.117647,2,9,0.04545,1,3,0.333333,1,1,0.333333,1,0.125,3,2,0,3,0,2,2,0
0,0.294118,4,1,0.339441,1,5,0.333333,2,1,1,4,0.446429,3,3,0.333333,4,1,2,1,0
2,0.558824,4,1,0.250138,1,5,1,1,1,1,4,0.660714,3,3,0,3,0,1,1,0
3,0.647059,4,9,0.40602,5,5,1,1,1,0.333333,3,0.482143,1,2,0.333333,4,1,1,1,0
3,0.117647,2,1,0.24348,5,2,0,2,1,1,3,0.017857,3,1,0,3,0,1,1,0
3,0.088235,2,0,0.05706,5,5,1,1,2,0.333333,2,0.464286,3,2,0,2,0,1,2,0
3,0.205882,2,2,0.124629,1,3,0.666667,1,1,1,1,0.428571,3,2,0,3,0,2,1,0
1,0.25,4,2,0.137284,4,4,0.666667,1,1,0.333333,3,0.232143,3,2,0.333333,3,0,2,1,0
3,0.029412,2,0,0.02322,1,1,0,2,1,1,1,0.625,3,2,0,1,0,2,1,0
0,0.088235,4,0,0.043359,1,4,1,1,2,0.666667,2,0.535714,3,2,0.333333,3,0,2,1,0
3,0.029412,2,2,0.071146,4,3,1,1,1,0.333333,1,0.25,3,2,0,3,0,1,1,0
3,0.382353,2,1,0.250963,5,4,0.333333,2,1,1,2,0.089286,2,1,0,2,0,1,1,0
1,0.073529,2,0,0.001431,1,3,1,1,1,1,1,0.053571,3,1,0,2,0,1,1,0
1,0.647059,2,10,0.282326,5,1,0.666667,1,1,1,4,0.375,1,3,0,1,0,2,1,0
3,0.294118,2,2,0.289479,2,3,1,1,1,0,3,0.107143,2,2,0,3,0,1,1,0
2,0.294118,2,2,0.192528,1,2,0.333333,2,1,1,3,0.125,3,2,0,3,0,1,1,0
2,0,2,0,0.068449,5,2,0,1,1,0.333333,1,0.178571,3,2,0,2,1,1,2,0
0,0.117647,2,2,0.025201,1,3,0.333333,1,3,0.666667,2,0.339286,3,2,0,2,1,1,1,0
1,0.294118,2,2,0.225652,5,3,0,2,1,1,2,0.517857,3,2,0,2,0,2,1,0
3,0.117647,4,6,0.024816,1,3,1,1,1,0.333333,3,0.232143,3,2,0.333333,3,0,1,1,0
0,0.161765,3,2,0.186695,1,5,0,2,1,1,2,0.142857,3,2,0.333333,2,0,1,1,0
0,0.294118,2,1,0.146363,1,4,0.333333,1,1,0,4,0.267857,3,3,0,4,0,2,1,0
0,0.205882,2,2,0.132552,4,3,1,1,1,0.333333,3,0.160714,3,2,0,3,0,1,1,0
3,0.205882,4,0,0.042808,1,3,1,2,1,0.666667,1,0.303571,3,2,0.333333,3,0,1,1,0
0,0.058824,4,0,0.173214,1,4,0,1,1,1,1,0.357143,3,2,0.333333,2,0,1,2,0
3,0.117647,4,2,0.305436,5,5,0.333333,1,1,1,2,0.535714,3,1,0,3,0,2,1,0
3,0.294118,2,0,0.070155,4,4,1,2,1,0.666667,3,0.267857,3,2,0,3,1,2,1,0
2,0.470588,2,3,0.232365,1,5,1,1,1,0.333333,3,0.214286,3,2,0,3,0,1,1,0
1,0.029412,2,3,0.045009,1,5,1,1,1,1,3,0.160714,3,2,0,3,1,1,1,0
0,0.294118,4,1,0.350226,1,1,0.333333,1,1,1,4,1,3,3,0.333333,4,0,2,1,0
1,0.132353,2,3,0.101849,1,2,0.333333,2,3,1,2,0.071429,3,2,0,2,0,1,1,0
0,0.294118,2,2,0.215638,1,3,1,1,1,1,2,0.160714,3,2,0,3,0,1,1,0
1,0.088235,2,2,0.069935,1,3,1,1,1,0.333333,3,0.214286,3,2,0,2,0,1,1,0
1,0.294118,4,6,0.302245,1,2,0.333333,2,1,1,4,0.089286,3,3,0.333333,3,0,2,1,0
0,0.25,2,2,0.184274,1,4,0,2,1,1,3,0.125,3,1,0,2,0,1,1,0
1,0.205882,2,3,0.163035,3,2,0,1,1,0.666667,1,0.107143,3,1,0,3,0,1,1,0
1,0.205882,2,9,0.230494,1,5,0,1,2,0,1,0.25,1,2,0,4,0,2,1,0
2,0.088235,2,0,0.203533,1,2,0,1,3,0,2,0.321429,3,2,0,2,1,1,1,0
3,0.161765,4,3,0.066524,1,3,1,2,1,0.333333,3,0.428571,3,2,0,2,0,1,1,0
1,0.132353,4,3,0.034775,1,2,1,1,3,1,1,0.071429,3,2,0.333333,3,0,1,1,0
1,0.294118,2,3,0.193023,3,1,0,2,1,1,4,0.071429,3,1,0,1,0,1,1,0
3,0.029412,3,9,0.08215,2,3,0,1,1,0.333333,1,0.267857,3,2,0.333333,2,0,1,1,0
3,0.073529,2,4,0.054253,1,2,0,2,1,1,1,0.071429,3,1,0,3,0,2,1,0
3,0.205882,4,1,0.163915,5,1,0.333333,1,1,1,4,0.339286,3,2,0,4,0,2,1,0
3,0.088235,2,6,0.026246,3,5,1,1,1,1,4,0.482143,3,3,0,3,0,2,1,0
3,0.117647,4,3,0.114504,5,5,0,1,2,1,1,0.535714,3,2,0,3,0,2,1,0
3,0.117647,2,3,0.028942,1,3,1,1,1,0.333333,1,0.160714,3,2,0,3,0,1,1,0
1,0.205882,2,6,0.054418,5,3,1,1,1,1,4,0.75,3,3,0,3,0,1,1,0
2,0.117647,2,3,0.17327,5,5,0.333333,1,1,0.666667,3,0.321429,3,2,0,4,0,1,1,0
2,0.117647,3,0,0.109882,1,3,0.333333,2,1,0.333333,3,0.303571,2,2,0.333333,3,0,2,1,0
3,0.029412,2,2,0.083416,1,3,0,1,1,0.333333,2,0.035714,3,1,0,3,0,1,1,0
3,0.117647,2,9,0.071091,1,4,0.333333,1,1,1,3,0.303571,3,2,0,3,0,2,1,0
3,0.205882,4,1,0.198085,1,4,0.666667,1,1,0,3,0.142857,3,2,0.333333,3,0,1,1,0
0,0.205882,2,2,0.18708,1,2,0,2,1,1,3,0.053571,3,1,0,3,0,1,1,0
1,0.205882,2,2,0.15137,1,4,0.333333,2,1,1,1,0.375,3,1,0,3,0,1,1,0
3,0.470588,2,0,0.155662,5,3,1,1,1,1,1,0.303571,3,2,0,3,0,1,1,0
3,0.205882,4,3,0.320238,1,5,0.666667,1,1,1,3,0.25,3,2,0.333333,3,0,2,1,0
3,0.088235,4,2,0.104325,1,2,0,2,1,0.666667,1,0.071429,3,1,0.333333,3,0,1,1,0
3,0.823529,4,0,0.74315,5,5,0.333333,1,1,1,4,0.785714,1,3,0,4,0,2,1,0
3,0.205882,3,3,0.113899,1,1,0.333333,1,1,0.666667,1,0.267857,3,2,0.333333,3,0,1,1,0
3,0.044118,3,3,0.032794,5,5,0.666667,1,1,1,4,0.303571,3,3,0,3,0,1,1,0
3,0.029412,4,0,0.006163,2,3,1,2,1,1,3,0.589286,3,2,0.333333,2,0,1,1,0
0,0.235294,2,2,0.107956,5,4,1,1,1,1,3,0.357143,3,2,0,3,0,2,1,0
3,0.264706,2,0,0.056839,5,4,1,2,1,1,2,0.107143,3,1,0,3,0,1,1,0
2,0.117647,2,0,0.059426,1,2,1,1,1,0,1,0.125,3,2,0,3,0,1,1,0
3,0.382353,3,9,0.221305,2,3,0.333333,1,1,0.333333,2,0.125,3,2,0.333333,2,0,1,1,0
3,0.205882,4,3,0.109387,1,3,0.333333,2,1,0,3,0.107143,3,2,0.333333,3,0,1,1,0
3,0.205882,2,3,0.048201,5,2,1,2,1,0.333333,1,0.035714,3,1,0,3,0,2,1,0
1,0.205882,4,2,0.391989,1,1,1,1,1,1,2,0.375,2,2,0.333333,4,0,2,1,0
1,0.161765,4,9,0.114229,3,3,0.333333,1,1,1,3,0.142857,1,2,0,3,0,1,1,0
3,0.073529,2,9,0.065973,1,4,0.666667,2,1,0.333333,3,0.142857,3,2,0.333333,3,0,1,1,0
3,0.205882,2,0,0.086387,1,3,0.333333,1,1,0.333333,2,0.196429,3,2,0,4,0,2,1,0
1,0.117647,2,2,0.040332,4,2,0,2,1,1,1,0,3,1,0,2,0,1,1,0
0,0.470588,2,0,0.165016,1,4,0.333333,1,1,1,4,0.357143,1,3,0,4,1,2,1,0
0,0.029412,4,3,0.093925,1,4,0,2,1,1,3,0.214286,3,2,0,3,0,1,1,0
3,0.073529,4,2,0.118631,1,1,0.333333,1,1,0.666667,3,0.214286,3,2,0,4,0,1,1,0
1,0.514706,3,6,0.633322,2,4,0.333333,1,1,0.666667,4,0.232143,3,1,0,3,0,2,1,0
0,0.117647,2,2,0.128095,1,1,0.666667,2,1,1,4,0.642857,3,3,0,4,0,1,1,0
0,0.470588,4,2,0.11544,1,3,0.666667,1,1,0.333333,2,0.482143,3,2,0.333333,3,0,2,1,0
3,0.294118,4,3,0.06966,4,3,1,2,1,0,1,0.428571,3,2,0.333333,2,0,1,1,0
3,0.205882,2,3,0.067294,1,2,0.666667,1,1,1,1,0.357143,3,2,0,3,0,2,1,0
1,0.205882,4,9,0.090074,5,3,1,1,1,1,1,0.160714,1,2,0.333333,3,0,1,1,0
3,0.147059,3,0,0.030373,1,3,1,1,1,0.333333,3,0.142857,3,2,0.333333,2,0,1,1,0
1,0.205882,3,0,0.145758,5,5,1,1,1,1,3,0.428571,3,2,0,3,1,1,1,0
3,0.294118,4,1,0.107131,5,4,1,1,1,1,3,0.428571,3,2,0.333333,3,1,2,1,0
0,0.161765,2,3,0.044184,1,2,1,1,1,0.333333,1,0.142857,3,2,0,3,0,1,2,0
3,0.294118,2,3,0.164246,3,5,0.666667,1,1,0.333333,3,0.125,3,2,0,4,0,2,1,0
1,0.294118,2,3,0.094476,1,5,1,2,1,1,3,0.017857,3,2,0,3,0,2,1,0
3,0.426471,4,1,0.385331,1,4,0.666667,1,1,0.333333,3,0.285714,3,2,0.333333,4,0,2,1,0
3,0.088235,2,0,0.074117,3,3,0.666667,1,1,0.333333,4,0.375,3,1,0,2,1,1,2,0
3,0.470588,4,1,0.307692,1,5,0.333333,1,1,0.333333,2,0.285714,3,2,0.333333,3,1,2,1,0
0,0.205882,3,6,0.45235,5,3,0,2,1,0.333333,3,0.071429,3,1,0.333333,3,0,2,1,0
3,0.25,2,0,0.13932,3,4,0,2,1,0.333333,3,0.214286,1,2,0,4,0,1,1,0
3,0.161765,2,0,0.161549,4,4,0.333333,2,1,0.666667,3,0.017857,3,1,0,3,0,1,1,0
1,0.117647,2,1,0.097832,5,3,1,1,1,0.333333,3,0.196429,3,2,0,3,0,1,1,0
1,0.117647,4,0,0.038957,1,4,0.333333,1,1,0.666667,1,0.5,3,2,0.333333,2,1,1,1,0
3,0.25,3,2,0.073787,2,4,1,1,1,0.666667,1,0.267857,3,2,0.333333,4,0,1,1,0
1,0.205882,2,1,0.139155,1,3,0,1,1,0.666667,3,0.035714,3,1,0,3,0,2,1,0
3,0.352941,4,3,0.137174,1,5,1,1,1,0.333333,3,0.178571,3,2,0.333333,3,0,1,1,0
3,0.205882,4,3,0.049466,4,3,1,1,1,0.666667,1,0.482143,3,2,0.333333,3,0,1,1,0
3,0.073529,2,2,0.05849,1,5,0,1,1,1,3,0.017857,3,2,0,3,0,1,1,0
3,0.014706,2,9,0.175966,1,4,0,1,1,1,1,0.982143,3,2,0,2,0,1,1,0
0,0.029412,4,2,0.089248,1,1,1,1,1,1,4,0.303571,3,3,0.666667,4,0,2,1,0
3,0.294118,4,5,0.099483,1,3,1,1,1,0.333333,1,0.25,3,2,0.333333,3,0,2,1,0
0,0.073529,2,2,0.103775,1,3,0.666667,1,1,0.333333,1,0.107143,3,2,0,3,0,1,1,0
3,0.029412,2,5,0.02256,3,4,0.333333,1,1,1,1,0.071429,3,1,0,2,0,1,1,0
3,0.294118,4,0,0.05706,4,5,1,2,1,1,1,0.321429,3,2,0.333333,3,0,2,1,0
0,0.558824,4,5,0.172994,1,1,1,1,2,1,3,0.821429,3,2,0.333333,1,0,1,1,0
3,0.117647,2,0,0.089909,1,5,1,1,1,1,3,0.357143,3,2,0,4,0,2,1,0
0,0.117647,2,2,0.075382,1,3,0.333333,2,2,0.666667,2,0.196429,3,2,0,3,0,1,1,0
1,0.235294,3,10,0.130901,1,3,0.333333,1,1,0.666667,3,0.178571,1,2,0.333333,3,0,2,1,0
3,0.073529,4,6,0.054694,5,5,1,2,1,1,2,0.392857,3,1,0.333333,2,0,1,1,0
1,0.044118,2,3,0.127985,1,3,0.333333,1,3,0.333333,1,0.285714,3,2,0,3,0,1,1,0
2,0.117647,2,2,0.064598,5,5,0.666667,2,1,1,1,0.642857,3,2,0,4,0,2,1,0
3,0.470588,4,1,0.594476,5,3,1,1,1,0.333333,3,0.196429,3,2,0,4,0,2,1,0
3,0.029412,2,3,0.014746,1,3,0.666667,2,1,0,1,0.178571,3,2,0,3,0,1,1,0
3,0.117647,0,2,0.138054,1,5,0.333333,1,1,1,2,0.267857,3,2,0.333333,3,0,1,1,0
3,0.294118,2,1,0.133157,1,5,1,1,1,1,3,0.285714,3,2,0,4,0,2,1,0
3,0.294118,2,1,0.133652,1,2,1,2,1,0,4,0.178571,3,2,0,4,0,2,1,0
0,0.102941,4,0,0.201111,1,3,0.333333,1,1,0.333333,1,0.303571,3,1,0.333333,3,1,1,1,0
0,0.029412,2,4,0.005117,1,2,1,2,1,0,1,0.142857,3,2,0,3,0,1,1,0
3,0.205882,2,3,0.239023,1,2,0.666667,1,1,0.333333,3,0.232143,3,2,0,3,0,2,1,0
0,0.470588,2,2,0.18543,1,3,0,1,3,0.333333,2,0.321429,3,2,0,3,1,1,1,0
0,0.161765,2,0,0.08094,1,2,0.333333,1,1,0.666667,1,0.303571,3,2,0,3,0,1,1,0
1,0.117647,2,2,0.15225,1,2,0.666667,2,1,0,1,0.267857,3,1,0,4,0,1,1,0
1,0.117647,2,8,0.027732,5,5,1,1,1,1,2,0.339286,3,2,0.333333,3,0,1,1,0
3,0.205882,2,9,0.09354,1,4,1,1,1,0,3,0.267857,2,2,0.333333,3,0,2,1,0
0,0.294118,2,1,0.147133,1,3,0.666667,1,3,1,4,0.785714,1,2,0,3,1,2,1,0
3,0.647059,3,3,0.384505,5,5,0.666667,1,1,0.666667,3,0.232143,1,2,0.333333,3,1,1,1,0
3,0.426471,3,9,0.138329,1,3,0.333333,2,1,0.333333,3,0.125,3,2,0.333333,3,0,2,1,0
3,0.294118,3,1,0.2437,1,4,0.666667,1,1,0.666667,3,0.285714,3,2,0.333333,2,0,2,1,0
3,0.029412,2,8,0.054363,5,1,1,1,1,1,2,0.303571,3,2,0,4,1,2,1,0
3,0.514706,2,1,0.1276,3,3,1,1,1,1,3,0.089286,3,2,0,3,0,1,1,0
2,0.294118,2,3,0.269726,1,4,1,1,1,0.333333,3,0.107143,1,2,0,3,0,1,1,0
1,0.117647,2,9,0.043304,2,4,0.666667,1,1,1,1,0.357143,3,2,0,2,0,1,1,0
0,0.161765,4,2,0.067569,1,5,1,1,1,1,3,0.446429,3,2,0.333333,3,1,2,1,0
1,0.117647,4,3,0.182844,1,3,0,2,1,0,1,0.071429,3,2,0,2,0,1,1,0
1,0.294118,2,0,0.052328,1,2,1,1,1,0,2,0.125,3,2,0,3,0,1,1,0
0,0.382353,2,2,0.18554,4,5,1,2,1,1,2,0.678571,3,1,0.333333,3,0,2,1,0
3,0.161765,3,2,0.039067,4,4,0.666667,2,1,0.333333,2,0.196429,3,2,0.333333,3,0,1,1,0
3,0.117647,4,0,0.050237,3,3,1,1,1,1,1,0.446429,3,2,0,3,0,2,1,0
3,0.117647,2,3,0.155552,1,3,0.333333,1,1,1,3,0.589286,3,2,0,3,0,2,1,0
3,0.294118,2,0,0.192968,1,5,1,2,2,1,4,0.767857,3,3,0,3,0,2,1,0
3,0.088235,2,0,0.064268,2,3,0.666667,1,1,0.333333,1,0.285714,3,1,0,2,0,1,2,0
3,0.029412,2,0,0.179817,1,3,0.333333,1,3,0.666667,2,0.125,3,1,0,3,0,1,1,0
3,0.117647,4,3,0.09266,1,5,0.333333,1,1,0.333333,4,0.125,3,2,0.333333,3,0,1,1,0
3,0.029412,4,3,0.054308,2,3,0,2,1,0,2,0.142857,3,2,0.333333,3,0,1,1,0
1,0.029412,2,3,0.006493,5,5,1,1,1,1,2,0.339286,3,2,0,3,0,1,1,0
0,0.117647,4,0,0.103004,1,3,0.666667,1,1,0.333333,1,0.357143,3,1,0.333333,2,1,1,2,0
3,0.294118,4,2,0.073457,1,4,1,1,1,0.666667,2,0.375,3,2,0.333333,3,0,1,1,0
1,0.205882,2,3,0.05783,1,5,1,1,3,0.333333,1,0.232143,3,2,0,2,0,1,1,0
2,0.029412,4,0,0.05904,2,5,0.333333,1,1,1,3,0.160714,3,2,0.333333,3,1,2,1,0
0,0.470588,2,1,0.288489,1,5,0.333333,1,1,1,4,0.410714,3,3,0,3,1,1,1,0
2,0.073529,2,3,0.048201,2,5,0.333333,1,1,1,1,0.535714,3,2,0,3,0,1,1,0
2,0.161765,4,1,0.1161,3,3,0.333333,1,1,0.333333,3,0.303571,3,2,0,3,0,2,1,0
3,0.294118,2,3,0.063993,1,3,1,1,1,0.333333,2,0.160714,3,2,0,3,0,1,1,0
3,0.514706,2,1,0.458787,2,5,1,1,1,0.333333,3,0.464286,3,2,0,4,0,2,1,0
3,0.470588,2,1,0.244085,1,3,0.333333,1,1,0.333333,4,0.232143,3,3,0,4,0,2,1,0
2,0.161765,2,9,0.134093,1,4,0.333333,1,1,1,2,0.125,3,1,0,3,0,2,1,0
1,0.117647,3,3,0.018433,1,3,1,1,2,1,1,0.017857,3,1,0.333333,3,0,1,1,0
3,0.294118,2,0,0.110322,5,2,1,1,1,0,2,0.625,3,2,0,3,0,1,1,0
0,0.029412,4,0,0.019753,1,4,1,2,1,0.666667,2,0.321429,3,2,0.333333,3,0,1,2,0
0,0.029412,4,0,0.061131,1,2,0.333333,1,1,1,1,0.375,3,2,0,2,1,1,2,0
0,0.029412,2,0,0.052438,2,5,0.666667,1,1,0.333333,2,0.428571,3,2,0,3,0,2,1,0
3,0.029412,4,3,0.024761,5,5,1,1,1,1,4,0.303571,3,3,0.333333,3,0,1,1,0
3,0.294118,4,5,0.289259,1,5,0.666667,1,1,1,4,0.446429,3,3,0.333333,3,0,1,1,0
3,0.294118,2,1,0.178167,2,4,0.666667,2,1,1,3,0.071429,3,2,0,3,0,1,1,0
1,0.205882,2,3,0.047485,1,3,1,2,3,1,1,0.125,3,2,0,2,1,1,1,0
1,0.323529,2,1,0.424563,1,2,0.333333,1,1,0.666667,3,0.196429,3,2,0.333333,3,0,1,1,0
3,0.161765,4,6,0.07054,2,3,1,2,1,0.666667,3,0.214286,3,2,0,3,0,1,1,0
3,0,4,3,0.068945,1,4,0.333333,1,1,0,1,0.410714,3,2,0.333333,2,1,1,1,0
0,0.029412,2,0,0.02267,1,2,0.666667,1,1,1,1,0.392857,3,2,0,2,1,2,1,0
1,0.470588,2,6,0.111313,1,4,0.666667,1,1,0,3,0.232143,3,2,0.333333,3,1,1,1,0
3,0.117647,3,1,0.068945,1,3,1,1,1,1,1,0.392857,3,1,0,3,0,1,1,0
3,0.294118,2,3,0.05838,2,4,1,1,1,0.666667,2,0.125,3,2,0,3,0,2,1,0
3,0.294118,2,3,0.157093,5,2,1,1,1,0.333333,3,0.107143,3,2,0.333333,3,0,1,1,0
0,0.029412,2,0,0.061847,5,1,1,2,1,0.666667,2,1,3,2,0,4,0,2,1,0
1,0.205882,4,2,0.18499,1,5,0.666667,2,1,1,2,0.321429,3,2,0,3,0,2,1,0
2,0.205882,2,2,0.154011,1,2,0,2,1,0,2,0.464286,2,2,0,2,0,1,1,0
3,0.294118,3,0,0.098052,1,5,1,1,1,1,4,0.732143,3,3,0.333333,3,0,2,1,0
3,0.117647,4,0,0.055299,1,5,1,1,1,1,1,0.75,3,2,0.333333,2,0,1,1,0
3,0.294118,4,0,0.097502,1,3,1,2,1,1,3,0.321429,3,2,0,3,0,2,1,0
3,0.294118,2,3,0.071641,1,4,0.666667,1,1,0,3,0.232143,1,2,0,3,1,1,1,0
3,0.647059,4,1,0.473644,5,4,0.333333,1,1,0,4,0.285714,3,3,0.333333,3,0,2,1,0
3,0.117647,4,5,0.041048,5,4,1,2,1,1,1,0.071429,3,2,0.333333,3,0,1,1,0
3,0.029412,1,3,0.082535,3,5,0.333333,1,1,1,2,0.464286,1,2,0,2,1,1,1,0
1,0.117647,4,0,0.096016,2,2,1,1,1,0,3,0.142857,3,2,0,3,0,1,1,0
1,0.073529,2,6,0.052217,1,4,1,2,1,1,2,0.857143,3,2,0.333333,4,0,2,1,0
0,0.294118,2,1,0.149334,5,5,1,1,1,1,4,0.535714,1,3,0,3,1,2,1,0
2,0.029412,3,3,0.023825,1,2,0.333333,2,1,0,2,0.178571,1,2,0,3,0,1,1,0
1,0.294118,3,9,0.245516,5,3,1,1,1,0.333333,2,0.321429,1,2,0.333333,4,0,2,1,0
1,0.294118,3,3,0.071696,2,4,0.666667,2,1,0.333333,2,0.071429,3,1,0.333333,3,0,2,1,0
3,0.294118,4,3,0.128095,4,5,0.333333,1,1,0.333333,3,0.267857,3,2,0,3,0,1,1,0
1,0.647059,2,3,0.205183,5,4,1,1,1,0,3,0.392857,3,2,0.333333,3,1,2,1,0
3,0.382353,4,3,0.313855,1,4,0.666667,1,2,0.333333,3,0.339286,3,2,0,3,0,1,1,0
3,0.294118,2,1,0.285188,5,1,0.333333,2,1,1,2,0.125,3,1,0,4,0,2,1,0
0,0.161765,2,9,0.030593,1,3,1,2,1,1,2,0.053571,3,2,0,2,0,1,1,0
1,0.073529,2,3,0.04578,1,5,1,1,1,1,3,0.142857,3,2,0.333333,2,0,1,1,0
3,0.161765,4,2,0.13965,1,4,0.333333,2,2,0.666667,3,0.089286,1,2,0.333333,3,0,1,1,0
1,0.117647,2,3,0.147463,1,4,0.333333,2,1,0,1,0.142857,3,2,0,3,0,1,1,0
3,0.294118,4,6,0.092275,5,3,0.666667,2,1,0.333333,3,0.25,3,2,0.333333,3,0,2,1,0
3,0.294118,2,8,0.037801,1,2,1,1,1,0.666667,3,0.142857,3,2,0.333333,2,0,1,1,0
1,0.117647,4,0,0.158138,1,2,0,1,1,0.666667,1,0.535714,1,2,0.333333,2,1,1,1,0
3,0.073529,2,2,0.062617,1,3,1,2,1,0.333333,1,0.125,3,1,0,3,0,1,1,0
3,0.117647,2,0,0.10361,5,5,1,2,1,1,4,0.589286,3,3,0,4,0,2,1,0
0,0.073529,4,0,0.140255,1,3,0.333333,1,1,0.333333,1,0.303571,3,1,0.333333,3,1,1,1,0
0,0.117647,2,2,0.05717,1,3,1,1,3,0,2,0.035714,3,2,0,2,0,1,1,0
0,0.117647,4,3,0.007428,1,4,1,2,1,0.666667,1,0.696429,3,2,1,2,0,2,1,0
1,0.294118,3,0,0.094366,5,3,1,2,1,1,3,0.410714,3,1,0.333333,3,0,2,1,0
3,0.25,2,9,0.072741,4,5,1,2,1,1,1,0.303571,1,2,0,2,0,1,1,0
3,0.294118,3,9,0.1988,1,3,0,1,1,0.333333,4,0.232143,3,3,0,3,0,1,1,0
1,0.044118,2,3,0.114394,1,2,0,2,3,0,1,0.464286,3,2,0,3,0,1,1,0
2,0.088235,2,2,0.056399,1,2,1,2,1,0.333333,2,0.071429,3,2,0,3,0,1,1,0
0,0.294118,1,2,0.141851,3,3,1,1,1,1,1,0.053571,2,2,0,3,0,2,1,0
3,0.294118,4,9,0.235281,1,3,0.666667,1,1,0.333333,1,0.982143,3,2,0,4,0,2,1,0
3,0.205882,2,3,0.099098,1,2,1,1,1,0,1,0.25,3,2,0,3,0,1,1,0
3,0.161765,2,1,0.057775,5,5,1,1,1,1,4,0.464286,1,3,0,3,1,1,1,0
0,0.25,2,3,0.170959,4,2,1,2,1,0.333333,3,0.178571,1,2,0,3,0,1,1,0
0,0.294118,1,1,0.18609,1,3,0,2,3,1,3,0.053571,1,1,0,3,0,1,2,0
1,0.647059,0,9,0.657753,5,3,0.333333,1,1,0.333333,3,0.517857,1,2,0,4,0,2,1,0
1,0.823529,3,3,0.490096,5,3,0.333333,1,1,0.333333,4,0.142857,3,3,0,4,0,1,1,0
0,0.029412,4,0,0.188511,1,3,0,1,1,0.666667,1,0.321429,3,1,0.666667,3,1,1,1,0
3,0.117647,2,0,0.021459,1,3,1,1,1,0.333333,1,0.535714,3,2,0,2,0,1,1,0
1,0.25,4,9,0.18719,1,4,0.333333,1,1,0.666667,2,0.142857,3,2,0.333333,3,0,1,1,0
0,0.117647,2,2,0.088478,1,2,1,2,1,0,3,0.053571,3,1,0,3,0,1,1,0
3,0.161765,2,3,0.095136,5,5,1,1,1,0.333333,3,0.285714,3,2,0,3,0,1,1,0
2,0.029412,2,2,0.102674,1,3,0.333333,1,1,0.333333,1,0.392857,3,2,0,3,0,2,1,0
3,0.558824,4,2,0.20865,3,3,1,1,1,1,1,0.303571,3,2,0.333333,3,0,2,1,0
3,0.073529,2,6,0.197095,5,5,0,1,1,1,1,0.803571,3,2,0,2,0,1,1,0
0,0.294118,2,3,0.187631,1,3,0.333333,2,1,1,3,0.160714,3,2,0,3,0,1,1,0
1,0.161765,2,3,0.065698,5,2,1,1,1,0,2,0.071429,3,2,0,3,0,1,1,0
3,0.117647,2,6,0.062892,1,5,1,1,1,1,2,0.5,1,2,0.666667,3,1,2,1,0
3,0.294118,2,3,0.061957,3,4,1,2,1,0,3,0.160714,3,2,0,3,0,1,1,0
3,0.823529,3,3,0.847529,1,4,0.333333,1,1,1,3,0.035714,3,2,0.333333,3,0,2,1,0
3,0.117647,2,3,0.068394,1,2,1,2,1,0.666667,3,0.267857,3,2,0,3,1,1,1,0
1,0.161765,2,5,0.058215,1,5,1,1,1,1,3,0.339286,3,2,0.333333,2,0,1,1,0
3,0.294118,4,3,0.088093,1,4,1,1,3,0.333333,3,0.25,3,2,0.333333,3,0,2,1,0
0,0.205882,4,3,0.089689,1,4,1,1,1,0,2,0.232143,3,2,0.333333,4,0,2,1,0
0,0.382353,0,2,0.238418,1,3,0.333333,1,3,0.333333,1,0.232143,3,2,0.333333,3,0,1,1,0
0,0.647059,2,6,0.397601,1,4,1,1,1,0,4,0.553571,3,3,0,4,0,2,1,0
3,0.294118,4,1,0.11533,1,4,1,1,1,0.666667,3,0.285714,3,2,0.333333,3,0,2,1,0
0,0.147059,2,0,0.204853,1,1,0,1,1,1,4,0.053571,3,3,0,3,0,1,1,0
3,0.647059,2,3,0.548696,5,4,1,1,1,0.666667,3,0.321429,2,2,0,3,0,2,1,0
1,0.382353,0,9,0.218499,1,3,0.333333,2,1,0,3,0.160714,3,2,0.333333,3,0,1,1,0
1,0.205882,4,2,0.33625,1,5,0.333333,1,1,0,4,0.392857,3,2,0,3,0,2,1,0
2,0.117647,2,3,0.05761,1,3,0.666667,1,1,1,1,0.071429,3,1,0,3,0,1,1,0
3,0.25,2,2,0.109552,1,5,1,1,1,0.333333,1,0.553571,3,2,0.333333,3,0,1,1,0
1,0.029412,3,2,0.044019,1,1,1,1,1,0,2,0.285714,2,2,0.333333,4,0,2,1,0
2,0.029412,4,6,0.043854,1,3,0.333333,2,1,1,2,0.553571,3,2,0,2,0,1,1,0
3,0.294118,4,10,0.333663,1,1,1,1,2,0.333333,4,0.142857,1,2,0.333333,4,0,2,1,0
1,0.382353,1,2,0.178607,4,3,1,1,1,0.333333,3,0.267857,2,2,0,3,1,2,1,0
3,0.647059,1,9,0.184824,1,3,0,2,1,0,1,0.142857,2,2,0,3,0,1,1,0
2,0.382353,4,3,0.15225,1,5,1,1,1,1,2,0.5,3,2,0,3,0,1,1,0
3,0.294118,4,9,0.213987,2,3,0.666667,1,1,0.666667,2,0.142857,3,2,0.333333,2,0,2,1,0
3,0.470588,2,9,0.30219,2,4,0.333333,1,1,0.333333,3,0.214286,3,2,0.333333,3,0,2,1,0
3,0.823529,2,0,0.556619,1,5,0.333333,1,1,1,2,0.410714,3,2,0,4,0,2,1,0
3,0.029412,4,0,0.100693,3,3,0,1,1,0.333333,3,0.089286,3,2,0,3,0,1,1,0
3,0.382353,4,3,0.235501,1,4,1,2,1,1,3,0.125,3,1,0,4,0,2,1,0
3,0.294118,4,2,0.269616,1,5,1,1,1,1,3,0.25,3,2,0,3,0,2,1,0
0,0.294118,2,3,0.11742,1,5,1,1,1,1,1,0.803571,1,1,0,2,0,1,1,0
3,0.205882,2,3,0.066193,1,2,0.666667,2,1,0,1,0.125,3,2,0,3,0,1,1,0
3,0.029412,2,6,0.07087,1,2,0,2,1,0.333333,4,0.660714,3,2,0,3,0,1,1,0
3,0.117647,2,3,0.111643,5,3,1,1,1,1,4,0.321429,3,3,0,3,0,2,1,0
3,0.161765,3,3,0.067569,1,3,1,1,1,0.666667,1,0.25,1,2,0.333333,3,0,1,1,0
3,0.294118,4,3,0.26703,1,2,0.666667,1,1,0.666667,4,0.5,3,3,0.666667,3,0,2,1,0
1,0.470588,3,9,0.528612,2,4,0,1,1,0.666667,2,0.214286,3,2,0.333333,2,1,2,1,0
3,0.823529,2,0,0.345384,5,3,1,1,1,1,4,0.267857,3,3,0,3,1,2,1,0
2,0.088235,4,3,0.060361,5,4,1,1,1,0.333333,2,0.142857,3,2,0.333333,3,0,2,1,0
1,0.470588,3,0,0.143722,2,5,1,1,1,0.666667,4,0.196429,3,3,0,3,0,1,1,0
3,0.073529,2,3,0.137724,2,5,0.666667,1,2,1,3,0.285714,3,2,0,3,0,2,1,0
0,0.117647,2,0,0.187135,4,3,0,1,1,0.666667,2,0.214286,3,2,0,3,1,1,1,0
0,0.161765,4,2,0.039892,1,3,0.333333,1,1,0.666667,2,0.107143,3,2,0.333333,3,0,1,1,0
1,0.161765,2,5,0.131011,2,3,0.666667,2,1,0.333333,1,0.107143,3,2,0,2,0,1,1,0
1,0.294118,2,3,0.145593,2,2,0.333333,1,1,0,3,0.178571,3,2,0,3,0,1,1,0
0,0.029412,4,0,0.245736,5,2,0,1,1,0.666667,1,0.446429,3,2,0.333333,2,1,1,1,0
3,0.294118,2,3,0.111918,1,4,1,1,1,0.333333,3,0.160714,3,2,0,3,0,2,1,0
3,0.029412,2,1,0.054253,3,3,0.333333,1,1,1,2,0.553571,3,1,0,3,0,1,1,0
1,0.117647,2,3,0.046935,1,4,1,1,3,0.666667,1,0.178571,3,2,0.333333,3,0,1,2,0
3,0.117647,4,0,0.037196,1,1,0,2,1,0.333333,2,0.339286,3,2,0,1,0,1,1,0
3,0.205882,4,3,0.085287,1,3,1,1,1,0.333333,3,0.089286,3,2,0.333333,3,0,1,1,0
2,0.161765,2,6,0.091064,1,5,1,1,1,1,3,0.375,3,1,0,4,0,2,1,0
2,0.294118,2,3,0.062012,2,5,1,2,1,0.333333,4,0.5,3,3,0,3,0,2,1,0
1,0.382353,3,9,0.123968,2,5,1,1,1,0.333333,2,0.392857,2,2,0.333333,3,0,1,1,0
1,0.338235,2,9,0.125344,1,2,1,2,1,0,2,0.232143,3,2,0,3,1,2,1,0
3,0.161765,2,0,0.27919,3,5,0,2,1,1,4,0.285714,3,3,0,3,0,1,1,0
1,0.073529,2,3,0.052603,1,5,1,2,1,1,1,0.107143,3,2,0,3,0,1,1,0
1,0.073529,2,3,0.102784,1,3,0.333333,1,1,0.333333,1,0.321429,3,2,0,2,1,1,1,0
3,0.205882,4,3,0.020854,3,5,1,1,1,0.666667,2,0.232143,1,2,0.333333,4,0,2,1,0
3,0.25,2,1,0.122483,5,5,1,1,1,1,1,0.482143,3,2,0,4,0,2,1,0
0,0.073529,4,3,0.048861,1,3,1,1,1,1,1,0.107143,3,2,0.333333,2,0,1,1,0
3,0.382353,4,1,0.404204,5,5,0,1,1,1,3,0.785714,3,2,0.333333,3,0,1,1,0
3,0.382353,4,3,0.155552,5,5,0.666667,1,1,0.333333,3,0.375,3,2,0.333333,3,1,2,1,0
3,0.205882,2,3,0.069055,1,3,1,1,1,0.333333,4,0.232143,3,3,0,4,0,2,1,0
2,0.294118,4,3,0.159459,5,3,0.666667,1,1,0.333333,3,0.214286,3,2,0.333333,3,0,2,1,0
1,0.235294,0,1,0.32453,2,5,0.666667,1,1,1,3,0.214286,1,2,0.333333,3,0,2,1,0
1,0.073529,2,3,0.029713,3,3,1,2,1,0.666667,1,0.839286,3,2,0,2,0,1,1,0
3,0.029412,4,0,0,4,3,0.333333,2,1,0.333333,1,0.392857,1,2,0.333333,2,0,1,1,0
3,0.161765,4,3,0.058655,3,3,0.333333,1,1,0.333333,2,0.5,3,2,0.333333,2,0,1,1,0
2,0.294118,4,9,0.056399,4,3,0.333333,1,1,1,1,0.303571,3,2,0.333333,3,0,2,1,0
1,0.294118,3,3,0.338561,1,2,0,1,1,0.333333,3,0.25,3,2,0,3,0,1,1,0
1,0.058824,2,3,0.028062,1,4,1,2,3,0.333333,1,0.446429,3,2,0,2,0,1,1,0
3,0.294118,2,1,0.129471,4,3,0.333333,2,1,1,3,0.160714,3,1,0,3,0,2,1,0
3,0,4,0,0.172224,1,4,0,2,1,0,1,0.321429,3,2,0,3,1,1,1,0
1,0.470588,1,4,0.205788,5,2,0.666667,2,1,0.333333,4,0.178571,1,2,0,1,0,1,1,0
0,0.205882,2,0,0.227248,2,3,0.666667,1,1,1,3,0.285714,3,2,0,2,1,2,1,0
3,0.029412,4,0,0.358259,1,4,0,1,1,0.666667,4,0.464286,3,2,0.333333,4,1,2,1,0
0,0.294118,1,0,0.114174,2,4,0.333333,1,1,0.666667,3,0.232143,1,2,0,3,0,1,1,0
1,0.088235,1,3,0.043909,1,3,1,1,1,1,1,0.071429,2,2,0,2,0,1,1,0
3,0.25,2,3,0.160119,5,5,1,1,1,0.666667,2,0.392857,3,2,0,3,0,2,1,0
0,0.294118,1,2,0.122868,3,3,1,1,1,1,1,0.053571,2,2,0,3,0,2,1,0
0,0.514706,4,2,0.766425,5,4,1,1,1,1,2,0.196429,3,2,0.333333,4,0,2,1,0
0,0.132353,4,9,0.085122,1,2,0.666667,1,1,0,2,0.160714,1,2,0.333333,2,0,1,1,0
0,0.161765,2,0,0.124408,1,1,0,2,1,1,3,0.071429,3,1,0,3,0,1,1,0
3,0.25,2,1,0.275008,5,3,0,1,1,0.666667,3,0.125,3,2,0,3,0,1,1,0
3,0.161765,2,1,0.152911,1,4,0.333333,1,1,0.333333,3,0.25,3,2,0,3,0,1,1,0
0,0.029412,2,2,0.009794,1,5,0.333333,2,1,0,2,0.535714,1,2,0,3,0,2,1,0
1,0.117647,2,9,0.032519,2,4,0.333333,2,1,1,1,0.071429,3,1,0,2,0,1,1,0
3,0.382353,4,3,0.303786,1,4,1,2,1,0.333333,3,0.107143,3,2,0.333333,3,0,1,1,0
2,0.029412,4,0,0.05772,1,3,0,1,1,0,1,0.982143,3,2,0.666667,1,1,1,2,0
3,0.294118,2,0,0.062892,1,3,0.333333,1,3,0.333333,1,0.214286,3,2,0,3,0,2,1,0
3,0.161765,4,0,0.263838,5,5,0,2,1,1,3,0.714286,3,2,0,3,0,2,1,0
0,0.117647,2,3,0.108066,1,3,1,1,1,0.666667,2,0.089286,3,2,0,2,0,1,1,0
3,0.294118,4,0,0.121767,2,4,1,1,1,0.666667,2,0.142857,3,2,0.333333,3,0,2,1,0
1,0.117647,2,3,0.049796,1,5,0.666667,1,3,0.666667,1,0.375,1,2,0.333333,2,0,1,1,0
3,0.088235,2,1,0.145868,5,2,0,2,1,1,1,0.214286,3,1,0,3,0,1,1,0
1,0.117647,4,2,0.185265,1,5,0,1,1,1,3,0.160714,3,1,0.666667,3,0,2,1,0
3,0.117647,4,3,0.077308,1,5,0.333333,1,1,1,1,0.785714,3,2,0.333333,2,0,2,1,0
0,0.294118,2,1,0.140971,5,5,0.333333,2,1,1,1,0.125,3,1,0,3,0,1,1,0
3,0.25,4,1,0.166447,1,5,0,1,1,1,3,0.303571,3,2,0,4,0,2,1,0
3,0.294118,4,3,0.108562,2,5,1,1,1,1,2,0.589286,1,2,0.333333,3,0,1,1,0
2,0.117647,4,0,0.067679,3,1,0.333333,1,1,1,4,0.839286,1,3,0.666667,1,0,1,1,0
3,0.470588,4,0,0.180753,1,4,1,1,1,1,3,0.321429,3,2,0.333333,3,0,2,1,0
0,0.205882,2,3,0.179322,1,4,1,2,3,0,1,0.107143,3,2,0,3,0,1,1,0
3,0.470588,4,1,0.300484,4,5,1,1,1,0.333333,3,0.339286,3,2,0.333333,4,0,2,1,0
1,0.205882,2,5,0.199296,1,1,0.333333,2,1,1,3,0.857143,3,2,0,3,0,2,1,0
3,0.294118,4,0,0.09299,4,5,1,1,1,1,1,0.732143,3,2,0,3,0,2,1,0
1,0.117647,0,8,0.063827,1,3,0.333333,1,1,0.333333,1,0.214286,3,2,0,2,0,2,1,0
1,0.235294,2,1,0.342137,5,1,0,1,1,1,1,0.732143,3,2,0,4,0,2,1,0
1,0.205882,2,9,0.093045,4,3,1,1,1,0.333333,2,0.285714,3,2,0,2,0,2,1,0
3,0.264706,2,3,0.133432,3,5,0.666667,1,1,1,3,0.375,3,2,0,3,0,1,1,0
3,0.647059,4,1,0.137614,5,5,1,1,1,0.666667,3,0.339286,3,2,0.333333,3,1,2,1,0
3,0.294118,2,1,0.333608,5,5,0.666667,1,1,1,3,0.392857,3,2,0,4,1,2,1,0
3,0.029412,4,2,0.053428,5,3,0,1,1,0.333333,2,0.142857,3,2,0.333333,3,0,1,1,0
2,0.294118,2,2,0.145373,1,5,0.666667,1,1,1,4,0.571429,3,3,0,3,0,1,1,0
3,0.294118,2,2,0.154727,3,5,1,1,1,0.666667,4,0.232143,3,1,0,3,0,2,1,0
3,0.073529,2,2,0.112854,2,2,0.333333,2,1,1,2,0.053571,3,1,0,3,0,1,1,0
3,0.117647,4,2,0.055464,1,2,0.333333,2,1,1,2,0.053571,3,1,0.333333,2,0,1,1,0
3,0.294118,3,0,0.025696,5,5,1,1,1,1,3,0.625,3,2,0.333333,3,0,2,1,0
1,0.073529,2,0,0.071476,5,2,1,1,1,0.333333,1,0.285714,3,2,0,1,0,1,1,0
3,0.294118,4,6,0.074117,1,5,1,1,1,1,4,0.625,3,3,0.333333,3,1,1,1,0
1,0.205882,4,3,0.085012,1,5,0.666667,2,3,1,1,0.517857,1,1,0.333333,2,0,2,1,0
0,0.235294,4,2,0.221305,1,5,0,2,1,1,2,0.089286,3,2,0.333333,3,0,1,1,0
3,0.117647,4,3,0.039947,5,5,1,1,1,1,3,0.285714,3,2,0.333333,3,0,1,1,0
1,0.117647,2,0,0.397381,5,1,0,2,1,0.333333,1,0.089286,3,1,0,1,0,1,1,0
1,0.029412,2,3,0.018708,1,2,0.666667,1,1,0.666667,1,0.125,3,2,0,2,0,1,2,0
3,0.117647,4,3,0.037416,5,5,1,1,1,1,1,0.821429,3,2,1,3,0,1,1,0
1,0.558824,1,1,0.497029,1,1,0,1,1,0.333333,4,0.642857,1,3,0,4,0,2,1,0
1,0.058824,2,9,0.036151,1,2,0.666667,1,1,0.333333,1,0.125,3,2,0,3,0,2,1,0
1,0.029412,2,3,0.012876,1,4,0.666667,1,3,0.666667,1,0.160714,1,2,0,2,0,1,1,0
1,0.470588,3,0,0.39518,1,3,0.333333,2,1,0.333333,2,0.625,3,1,0,3,0,1,1,0
3,0.029412,2,4,0.059866,3,3,0,1,1,1,1,0.767857,3,2,0,3,0,1,1,0
3,0.029412,4,3,0.071751,1,4,0,2,1,0.333333,3,0.089286,3,1,0.333333,3,0,2,1,0
0,0.470588,2,10,0.858754,1,1,0.333333,1,2,0.666667,3,0.428571,3,2,0,4,0,1,1,0
3,0.117647,2,0,0.046825,1,3,0.666667,1,1,0.333333,1,0.142857,3,2,0.333333,3,0,2,1,0
2,0.117647,2,3,0.152195,1,3,0.666667,1,1,0,3,0.089286,3,2,0,3,0,1,1,0
0,0.058824,4,0,0.026466,1,5,1,1,1,1,1,0.5,3,2,0.333333,2,0,1,1,0
3,0.205882,4,2,0.194234,1,2,0.666667,1,1,0.333333,3,0.285714,3,2,0.333333,4,0,2,1,0
0,0.25,4,0,0.074392,1,5,1,1,1,0.666667,3,0.196429,3,2,0.333333,3,0,2,1,0
1,0.647059,3,9,0.353857,5,3,1,1,1,1,4,0.339286,3,3,0,3,1,2,1,0
3,0.294118,3,9,0.116925,3,3,1,1,1,0.333333,3,0.446429,3,2,0.333333,3,1,2,1,0
1,0.294118,2,3,0.265984,5,5,0.333333,2,1,1,3,0.410714,3,2,0,3,0,2,1,0
3,0.117647,2,3,0.034995,5,3,1,2,1,0.333333,3,0.035714,3,2,0,3,0,1,1,0
3,0,2,2,0.019313,1,2,0,2,1,0.666667,1,0.071429,3,1,0,2,1,1,1,0
0,0.294118,4,1,0.148949,1,5,1,1,1,1,2,0.785714,3,2,0.333333,3,0,2,1,0
3,0.294118,4,3,0.129911,1,5,1,1,2,0.666667,1,0.482143,3,2,0.333333,3,0,1,1,0
3,0.25,3,1,0.15093,1,3,0.666667,1,1,0.333333,1,0.160714,2,2,0.333333,2,0,1,1,0
3,0.294118,1,9,0.072026,1,4,1,1,1,1,3,0.553571,1,2,0,3,0,2,1,0
3,0.205882,2,2,0.174535,1,5,1,1,1,1,2,0.5,1,2,0.666667,3,1,2,1,0
1,0.25,2,2,0.205018,5,4,0.333333,1,1,0.666667,3,0.285714,3,2,0,3,0,2,1,0
3,0.294118,2,0,0.054969,1,2,1,1,1,0.333333,1,0.160714,3,2,0,3,0,1,1,0
0,0.073529,2,3,0.061296,1,4,0.666667,1,1,1,1,0.714286,3,2,0,3,0,1,1,0
3,0.294118,4,1,0.20865,5,4,0.666667,1,1,1,2,0.428571,3,2,0.333333,3,0,2,1,0
3,0.161765,4,3,0.067184,1,3,1,1,1,1,4,0.285714,3,3,0.333333,3,0,2,1,0
3,0.470588,3,0,0.584626,1,5,0.333333,1,1,0.333333,3,0.464286,3,2,0.333333,3,1,2,1,0
3,0.294118,2,0,0.067349,2,2,1,1,1,0.666667,1,0.25,3,2,0,3,0,2,1,0
3,0.088235,2,8,0.035435,5,4,1,2,1,0.666667,2,0.375,3,2,0,3,0,2,1,0
3,0.161765,4,2,0.170188,1,3,1,1,1,0.333333,4,0.160714,3,3,0,3,0,2,1,0
3,0.073529,2,0,0.183064,2,3,0,1,3,0.333333,1,0.125,3,1,0,3,1,1,2,0
3,0.294118,4,1,0.305601,4,3,1,1,1,0.333333,1,0.142857,3,2,0.333333,3,0,1,1,0
3,0.338235,4,2,0.235281,4,2,1,1,1,0.333333,1,0.232143,2,2,0.333333,2,1,2,1,0
3,0.161765,2,2,0.108452,3,3,0.333333,2,1,1,3,0.017857,3,1,0,3,0,1,1,0
0,0.205882,2,3,0.117696,1,2,1,2,1,0,3,0.142857,2,2,0,3,0,1,1,0
3,0.117647,4,2,0.169528,1,5,0.333333,1,1,1,2,0.410714,2,2,0,3,0,1,1,0
3,0.470588,2,9,0.393914,5,5,0.666667,1,1,0.333333,2,0.321429,3,2,0.333333,3,0,1,1,0
0,0.117647,2,2,0.02212,1,5,1,2,1,1,2,0.089286,3,1,0,3,0,1,1,0
3,0.470588,3,2,0.408716,3,4,0.333333,2,1,1,3,0.375,3,2,0.333333,3,0,2,1,0
2,0.029412,4,0,0.060141,1,5,0,1,1,1,1,0.482143,3,2,0.333333,3,1,1,2,0
0,0.294118,4,9,0.062287,2,4,1,1,1,0,1,0.125,3,2,0.333333,3,0,2,1,0
3,0.161765,2,4,0.034335,5,2,1,2,1,0,1,0.089286,3,2,0,3,0,1,1,0
0,0.117647,2,2,0.183779,1,3,0.333333,1,2,0.333333,2,0.178571,3,2,0,2,1,1,1,0
1,0.102941,4,0,0.058985,4,3,1,2,1,1,3,0.375,3,2,0.333333,3,0,1,1,0
0,0.205882,1,3,0.09299,1,2,0.666667,1,2,1,4,0.303571,1,3,0,4,0,2,1,0
3,0.470588,2,3,0.184054,1,5,1,1,1,0.333333,3,0.160714,3,2,0,3,0,1,1,0
3,0.382353,4,3,0.357214,5,4,0.333333,1,1,0.666667,2,0.303571,3,2,0.333333,3,0,1,1,0
3,0.294118,2,1,0.416199,1,4,0.666667,1,1,0.666667,3,0.339286,3,2,0,4,0,2,1,0
3,0.294118,2,1,0.496699,5,3,0.333333,1,1,1,4,0.517857,3,3,0,3,0,2,1,0
1,0.382353,4,0,0.106251,5,5,1,1,1,1,1,0.303571,3,2,0.333333,3,0,1,1,0
3,0.205882,4,3,0.04666,1,1,1,2,1,1,3,0.821429,3,2,0.333333,1,0,1,1,0
1,0.294118,4,9,0.141686,5,4,1,1,1,0.666667,4,0.267857,3,2,0.333333,3,1,2,1,0
3,0.470588,4,0,0.350171,1,5,1,1,1,1,3,0.267857,3,2,0.333333,4,0,2,1,0
3,0.352941,1,1,0.416749,5,2,0.666667,1,3,1,1,0.375,1,1,0.333333,3,1,2,1,0
0,0.338235,4,9,0.120612,1,5,1,1,1,1,3,0.428571,2,2,1,4,1,2,1,0
3,0.161765,4,3,0.086882,1,5,1,1,1,1,3,0.482143,3,2,0.333333,3,0,2,1,0
0,0.117647,4,0,0.1057,1,3,1,1,1,1,2,0.339286,1,2,0.333333,2,0,1,2,0
1,0.470588,4,1,0.305381,1,3,0.666667,1,1,1,3,0.267857,3,2,0.333333,3,0,2,1,0
3,0.205882,4,3,0.050567,5,3,1,1,1,0.666667,2,0.178571,3,2,0.333333,3,0,2,1,0
3,0.470588,3,1,0.478541,5,4,0.666667,1,1,0.333333,3,0.214286,2,2,0,4,1,2,1,0
0,0.25,2,3,0.129636,1,2,1,2,1,1,2,0.160714,3,1,0,4,0,2,1,0
3,0.117647,4,2,0.073842,4,4,0.666667,2,1,0.333333,2,0.285714,3,2,0,3,0,1,2,0
3,0.161765,2,2,0.106526,5,4,0,2,1,1,1,0.25,1,1,0,2,0,1,1,0
3,0.235294,4,0,0.178002,5,2,0.333333,1,1,1,1,0.446429,3,2,0.333333,3,0,2,1,0
3,0.470588,4,1,0.562727,5,5,0.333333,1,1,1,4,0.410714,3,3,0.333333,3,0,1,1,0
3,0.161765,2,3,0.062507,5,3,1,1,1,0.333333,1,0.375,3,1,0,3,0,2,1,0
3,0.294118,2,3,0.056564,1,5,1,1,1,0,1,0.303571,3,2,0,4,0,2,1,0
0,0.117647,2,3,0.047155,1,3,0.333333,1,1,0.333333,1,0.017857,3,1,0,4,1,2,1,0
0,0.25,2,0,0.193298,5,4,0.333333,1,2,0.333333,1,0.089286,3,2,0,2,0,1,2,0
1,0.470588,2,6,0.190437,5,3,0.333333,1,1,0.333333,3,0.142857,3,2,0,3,0,1,1,0
3,0.161765,3,1,0.183999,1,2,0,2,1,0.333333,2,0.482143,3,2,0.333333,2,0,1,1,0
1,0.073529,2,0,0.162045,5,3,0,2,1,0.333333,1,0.25,3,2,0,2,0,1,1,0
3,0.470588,3,3,0.231319,1,3,1,2,1,1,1,0.267857,3,2,0.333333,3,0,1,1,0
1,0.382353,2,3,0.15082,5,5,0.333333,2,1,1,3,0.107143,3,2,0,3,0,1,1,0
3,0.102941,2,9,0.104105,4,5,0,1,1,0.333333,1,0.160714,3,2,0,3,0,2,1,0
3,0.088235,2,1,0.142951,2,3,0,1,2,0.333333,1,0.232143,3,2,0,3,1,1,1,0
3,0.205882,4,2,0.086222,1,3,1,2,1,0.333333,4,0.160714,3,2,0.333333,3,0,1,1,0
3,0.647059,3,3,0.687741,3,4,1,1,1,0,3,0.321429,3,2,0,4,0,2,1,0
1,0.117647,2,0,0.096401,1,4,0.666667,1,1,1,2,0.196429,3,1,0,3,1,2,1,0
0,0.205882,4,2,0.043964,1,2,1,2,1,1,2,0.035714,3,1,0,3,0,1,1,0
3,0.382353,2,3,0.088973,5,5,1,1,1,1,3,0.696429,3,2,0,3,0,2,1,0
0,0.117647,3,0,0.060196,1,3,1,1,1,0.333333,1,0.428571,3,2,0.333333,2,1,1,1,0
0,0.294118,2,2,0.08237,1,2,1,1,2,0,2,0.089286,3,2,0,2,0,1,2,0
3,0.073529,4,0,0.053593,1,3,0.666667,1,1,0,1,0.196429,3,2,0.333333,3,0,1,1,0
3,0.117647,4,3,0.014966,3,5,1,1,1,1,2,0.410714,3,2,0.333333,3,1,2,1,0
0,0.117647,2,3,0.06867,1,3,1,2,1,0,3,0.071429,1,2,0,3,0,1,1,0
1,0.029412,2,3,0.099758,1,2,1,1,1,0.666667,3,0.196429,3,1,0,4,0,2,1,0
3,0.294118,4,1,0.362716,5,3,0.333333,1,1,1,2,0.482143,3,2,0.333333,4,1,2,1,0
3,0.117647,2,0,0.180313,5,2,0.333333,1,1,0.666667,2,0.464286,3,2,0,4,1,2,1,0
3,0.088235,2,0,0.071311,1,3,0.666667,1,1,0.333333,1,0.214286,3,2,0,2,1,1,2,0
3,0.294118,2,2,0.037361,5,4,1,1,1,0.333333,3,0.214286,2,2,0,3,0,2,1,0
3,0,4,0,0.066304,1,4,0.333333,1,1,0,1,0.410714,3,2,0.666667,2,1,1,1,0
0,0.161765,2,2,0.087763,1,2,1,2,3,0,2,0.482143,3,1,0,3,0,1,1,0
1,0.647059,0,0,0.446132,3,2,0,2,1,0,3,0.196429,3,2,0.333333,3,0,1,1,0
3,0.117647,2,0,0.143557,5,1,1,1,1,1,4,0.339286,3,2,0,4,0,2,1,0
1,0.205882,4,9,0.183779,1,1,0.666667,1,1,0.666667,3,0.375,3,2,0.666667,1,1,2,1,0
0,0.117647,2,0,0.090404,1,3,1,2,3,1,2,0.178571,3,2,0,3,0,2,1,0
0,0.294118,4,3,0.053978,4,5,1,2,1,1,2,0.678571,3,1,0.333333,4,0,2,1,0
2,0.382353,4,3,0.187411,5,5,1,1,1,1,2,0.535714,2,2,0.333333,2,0,1,1,0
1,0.073529,4,3,0.049741,1,5,0.333333,1,1,1,1,0.321429,3,2,0.666667,2,0,1,1,0
1,0.294118,2,2,0.155112,2,5,1,1,1,1,4,0.196429,3,3,0,3,0,1,1,0
3,0.029412,4,3,0.081985,1,5,0.333333,1,1,0.333333,1,0.196429,3,1,0.333333,3,0,1,1,0
1,0.25,3,0,0.115715,1,3,0,1,1,1,2,0.5,3,2,0.333333,3,0,1,1,0
3,0.161765,2,0,0.181908,5,3,0.666667,1,1,0.333333,4,0.178571,3,2,0,3,0,1,1,0
1,0.029412,2,5,0.011225,1,2,0.666667,1,1,0,2,0.053571,3,2,0,2,0,1,1,0
1,0.382353,2,3,0.08061,5,3,1,2,1,0,3,0.125,3,2,0,3,0,1,1,0
3,0.161765,2,3,0.182569,1,5,1,2,1,0.333333,3,0.625,1,1,0,4,0,2,1,0
3,0.558824,2,3,0.380544,5,4,0.333333,1,1,1,2,0.178571,3,1,0,3,0,2,1,0
0,0.102941,4,0,0.202982,1,3,0,1,1,0.333333,1,0.375,3,2,0.333333,2,1,1,1,0
1,0.161765,2,5,0.06955,2,3,1,1,3,0.333333,1,0.053571,3,2,0,3,0,1,1,0
3,0.294118,2,0,0.393034,1,3,0,1,1,1,2,0.428571,3,2,0,2,1,1,1,0
3,0.382353,4,3,0.142016,1,3,1,2,1,0.333333,3,0.25,3,2,0,3,0,2,1,0
2,0.294118,2,3,0.055464,3,3,0.666667,2,1,0.666667,3,0.678571,3,2,0,2,0,1,1,0
1,0.029412,2,3,0.027677,1,3,0.333333,2,3,0.666667,1,0.803571,3,2,0,3,0,1,1,0
1,0.205882,3,9,0.119787,5,5,1,1,1,0.333333,2,0.410714,3,2,0.333333,3,0,1,1,0
2,0.25,2,0,0.147078,2,3,0,2,1,0,3,0.160714,1,2,0,4,0,2,1,0
3,0.294118,4,2,0.097832,1,4,0.333333,1,1,0.333333,2,0.196429,3,2,0.333333,2,0,1,1,0
0,0.161765,4,2,0.065093,1,3,1,2,1,0.666667,2,0.107143,3,1,0.333333,3,0,1,1,0
2,0.558824,0,9,0.332288,1,2,0.333333,1,1,0,2,0.25,3,2,0.333333,3,0,1,1,0
3,0.132353,2,3,0.063772,2,1,0.333333,2,1,1,1,0.803571,3,2,0,3,0,1,1,0
0,0.294118,2,1,0.348245,1,1,1,1,1,0.333333,4,0.178571,3,3,0,4,0,2,1,0
1,0.294118,4,3,0.08215,1,5,1,1,1,0.333333,2,0.517857,3,2,0.333333,2,0,1,1,0
3,0.117647,4,6,0.182403,5,2,0.333333,1,1,0,2,0.321429,3,2,0.333333,2,1,1,1,0
3,0.161765,1,3,0.072576,2,5,1,1,1,1,3,0.267857,1,2,0,2,1,1,1,0
0,0.205882,2,3,0.09277,5,4,0.333333,1,1,1,3,0.071429,3,1,0.333333,2,0,1,1,0
0,0.470588,2,2,0.204083,1,1,1,1,1,0.666667,2,0.196429,3,2,0,4,0,2,1,0
3,0.117647,2,0,0.117751,5,5,1,1,1,0.666667,3,0.553571,3,2,0,3,0,2,1,0
3,0.117647,2,2,0.081765,1,4,0.666667,2,1,1,1,0.214286,3,2,0,2,0,1,1,0
0,0.382353,2,1,0.19847,1,3,1,1,1,1,2,0.375,3,2,0,4,0,2,1,0
3,0.117647,2,3,0.030483,1,5,1,1,1,1,3,0.339286,3,2,0,3,0,1,1,0
1,0.602941,4,1,0.238032,2,1,0.666667,1,1,1,3,0.142857,3,2,0,3,0,1,1,0
1,0.647059,2,3,0.31369,1,3,0.333333,2,1,0.333333,1,0.053571,3,2,0,3,0,1,1,1
0,0.294118,3,0,0.254209,1,3,0.666667,1,1,1,4,0.607143,3,3,0.333333,3,1,1,1,1
1,0.382353,4,0,0.274238,1,1,1,1,1,0.333333,3,0.160714,3,2,0.333333,4,0,1,1,1
1,0.117647,2,0,0.0575,1,2,0.666667,2,1,0,3,0.107143,3,1,0,3,0,1,1,1
0,0.647059,2,9,0.223286,1,2,0.666667,2,1,1,2,0.089286,3,1,0,3,0,1,1,1
0,0.294118,4,0,0.052217,1,5,1,1,1,1,3,0.732143,3,2,0.333333,2,0,1,1,1
0,0.294118,2,3,0.056784,2,3,1,2,1,0.333333,3,0.232143,3,2,0,2,0,1,1,1
1,0.294118,2,1,0.678387,1,5,1,2,1,0.333333,4,0.446429,3,3,0,4,0,2,1,1
0,0.823529,3,9,0.362386,1,5,0.666667,1,1,1,4,0.785714,3,2,0.333333,3,0,2,1,1
1,0.602941,4,3,0.247386,1,2,1,1,1,0.333333,2,0.107143,3,2,0.333333,2,0,1,1,1
2,0.205882,2,3,0.101794,1,3,1,1,2,0.333333,1,0.321429,2,2,0,3,0,1,1,1
0,0.647059,4,1,0.324254,1,5,1,2,1,1,4,0.696429,2,3,0.333333,2,0,1,1,1
1,0.470588,3,0,0.108672,1,5,1,1,1,1,4,0.678571,1,3,0.333333,3,0,2,1,1
1,0.117647,2,3,0.342137,5,1,0.333333,1,1,0,4,0.589286,3,2,0,4,0,2,1,1
0,0.470588,4,2,0.328986,1,2,1,2,2,1,4,0.071429,3,1,0.333333,2,0,2,1,1
1,0.470588,0,9,0.093705,1,5,1,1,1,1,4,0.75,3,3,0,4,0,2,1,1
1,0.647059,0,9,0.77974,1,3,0.333333,1,1,0.333333,3,0.107143,3,2,0,3,0,2,1,1
3,0.470588,2,6,0.086332,1,3,1,1,1,1,4,0.321429,2,3,0,3,0,2,1,1
0,0.470588,2,6,0.095026,5,5,1,1,1,1,4,0.375,3,2,0,4,0,2,1,1
0,0.558824,2,3,0.204413,1,2,1,1,1,0.666667,3,0.267857,3,2,0,3,0,1,1,1
3,0.294118,2,3,0.31325,5,2,0,2,1,0,3,0.446429,3,2,0.333333,3,0,2,1,1
1,0.470588,2,6,0.680202,2,3,0,1,1,1,4,0.5,3,3,0,3,1,2,1,1
0,0.117647,0,5,0.04721,1,4,1,1,1,0.666667,1,0.160714,3,2,0.333333,3,0,1,1,1
3,0.117647,4,3,0.030098,5,5,1,2,1,0.666667,2,0.25,1,2,0,2,1,1,1,1
1,0.735294,0,9,0.863596,1,2,0.666667,1,1,1,4,0.696429,3,1,0,3,0,2,1,1
1,0.294118,4,10,0.643117,1,3,0.333333,1,2,0.666667,3,0.357143,3,2,0.333333,4,1,2,1,1
3,0.205882,1,0,0.341587,1,5,0.333333,1,1,1,4,0.357143,1,2,0.333333,4,1,2,1,1
3,0.470588,4,0,0.418455,1,3,1,2,1,0.333333,1,0.107143,2,2,0.333333,3,0,2,1,1
0,0.558824,2,3,0.380984,5,4,1,2,1,0.666667,3,0.196429,3,2,0,4,0,2,1,1
0,0.426471,4,2,0.2218,3,3,0,2,1,1,3,0.071429,3,2,0.333333,3,0,1,1,1
0,0.25,2,3,0.087213,1,3,0.666667,2,1,0.333333,1,0.107143,3,2,0.333333,3,0,2,1,1
1,0.205882,2,2,0.09211,5,2,1,2,1,0.666667,1,0.142857,3,1,0,3,0,1,1,1
1,0.117647,2,5,0.021404,1,3,1,1,1,0.333333,3,0.196429,3,2,0,3,0,1,1,1
0,0.117647,4,0,0.178772,1,3,0.666667,2,2,0.333333,1,0.178571,3,2,0.333333,3,0,1,1,1
0,0.470588,3,6,0.365192,1,3,1,1,1,0.666667,2,0.178571,2,2,0,3,0,2,1,1
1,0.117647,2,3,0.028392,3,3,1,1,1,0.666667,1,0.839286,3,2,0,2,0,1,1,1
0,0.205882,2,2,0.121712,1,3,0.333333,1,1,0.333333,3,0.053571,3,2,0,3,0,1,1,1
0,0.117647,2,2,0.056784,1,3,0.333333,2,1,1,3,0.017857,3,1,0,3,0,1,1,1
0,0.205882,2,2,0.048476,1,1,1,2,1,0.333333,3,0.25,3,2,0,3,0,1,1,1
1,0.294118,4,9,0.092715,1,5,1,1,1,1,1,0.214286,3,2,0.333333,3,0,2,1,1
0,0.161765,0,0,0.038517,1,5,1,1,1,0.666667,3,0.25,3,1,0.333333,3,1,1,1,1
1,0.294118,3,2,0.099813,1,1,0.666667,2,1,0.333333,2,0.267857,3,2,0,4,0,2,1,1
0,0.25,3,6,0.174095,1,2,0.333333,1,1,0,2,0.125,3,2,0.333333,3,0,1,1,1
3,0.382353,1,1,0.398096,5,1,1,2,1,0,1,0.607143,1,2,0,4,0,2,1,1
3,0.470588,3,9,0.512931,1,2,0,1,1,0,3,0.160714,3,2,0.333333,3,0,1,1,1
1,0.470588,3,9,0.231374,1,3,0.333333,1,1,0.333333,1,0.196429,2,2,0.333333,4,0,2,1,1
0,0.25,1,0,0.076868,5,3,1,1,1,0.333333,2,0.375,3,2,0.333333,2,1,1,1,1
1,0.205882,4,0,0.034885,1,5,1,1,1,1,3,0.303571,1,2,0,3,1,2,1,1
1,0.073529,1,1,0.26846,1,5,0.333333,2,1,1,4,0.982143,1,3,0,4,1,2,1,1
0,0.117647,2,3,0.02333,2,4,1,1,1,0,2,0.017857,3,2,0,3,0,1,1,1
3,0.294118,2,9,0.238858,4,3,0.333333,1,1,0.666667,2,0.625,3,2,0.666667,4,0,2,1,1
1,0.647059,0,9,0.197755,2,4,1,1,1,1,4,0.267857,3,3,0,2,1,1,1,1
1,0.338235,2,9,0.201662,1,3,1,1,1,0.333333,3,0.303571,3,2,0,3,1,2,1,1
1,0.602941,2,3,0.153021,2,3,1,1,3,1,2,0.035714,3,1,0,3,0,1,1,1
1,0.073529,4,6,0.068835,1,5,0.333333,2,1,0.666667,3,0.267857,3,2,0.333333,4,0,2,1,1
1,0.117647,2,2,0.038572,2,2,1,2,1,1,3,0.142857,1,1,1,3,0,1,1,1
1,0.205882,3,2,0.222681,1,5,1,1,1,0.666667,4,0.375,3,2,0,4,0,2,1,1
0,0.117647,2,8,0.035875,1,4,1,1,1,1,2,0.035714,3,1,0,3,0,1,1,1
0,0.338235,0,9,0.277484,1,1,0.333333,1,1,1,2,0.553571,2,2,0.333333,3,0,2,1,1
2,0.382353,3,9,0.091229,1,5,1,1,1,1,1,0.839286,3,2,0,4,0,2,1,1
1,0.647059,2,3,0.589358,4,4,0,1,2,0.333333,4,0.142857,1,2,0.333333,3,0,2,1,1
0,0.117647,2,2,0.419005,1,5,1,1,1,1,4,0.607143,3,3,0,4,0,2,1,1
3,0.073529,2,3,0.067569,1,4,1,1,1,0.333333,3,0.053571,3,2,0,3,0,1,1,1
2,0.470588,2,3,0.217894,1,3,1,1,1,0.333333,3,0.125,3,2,0,3,0,1,1,1
0,0.294118,2,3,0.086552,1,1,1,1,1,0.333333,3,0.196429,2,2,0,4,1,1,1,1
1,0.029412,2,0,0.787113,5,1,0,1,1,0.333333,2,0.071429,3,2,0,1,0,2,1,1
1,0.25,2,9,0.138495,2,5,1,1,1,0.333333,3,0.75,1,1,0.333333,2,0,1,1,1
0,0.294118,2,0,0.036591,5,5,1,2,1,0.333333,3,0.178571,1,2,0,3,0,1,1,1
0,0.647059,0,1,0.239628,1,5,0.666667,1,1,1,4,0.089286,3,3,0.333333,3,1,1,1,1
3,0.205882,2,3,0.010069,1,1,0.666667,2,2,1,1,0.053571,3,1,0,3,0,1,1,1
1,0.382353,2,0,0.104545,1,3,1,2,3,0.333333,4,0.089286,1,2,0,3,0,1,1,1
0,0.117647,1,3,0.10449,1,3,1,1,1,0,4,0.178571,3,3,0,3,0,1,1,1
1,0.161765,2,3,0.030373,1,5,1,1,1,0.666667,3,0.321429,3,2,0,3,1,1,1,1
0,0.147059,2,0,0.480247,1,5,0,1,1,1,2,0.464286,3,2,0,4,0,2,2,1
1,0.647059,2,3,0.154616,1,4,1,1,1,1,1,0.160714,3,2,0.333333,3,0,1,1,1
0,0.382353,2,5,0.646418,1,2,0,1,1,0,4,0.267857,3,2,0,2,0,2,1,1
3,0.029412,2,2,0.239958,1,2,0,2,1,1,2,0.232143,3,2,0,3,0,1,1,1
0,0.294118,3,3,0.042588,1,2,1,1,1,1,1,0.517857,2,2,0,3,0,1,1,1
1,0.470588,2,1,0.503356,1,2,0,1,1,1,3,0.160714,3,1,0,4,0,2,1,1
1,0.647059,2,2,0.53428,1,2,0,2,1,0.333333,3,0.125,3,2,0,3,0,2,1,1
1,0.470588,0,3,0.195554,1,3,1,2,1,0,3,0.410714,3,2,0,3,0,2,1,1
2,0.294118,4,0,0.060196,5,4,1,1,1,0.333333,1,0.321429,1,2,0.333333,2,1,1,1,1
3,0.647059,4,0,0.543469,3,3,0.333333,1,1,0.333333,4,0.446429,1,3,0,3,0,1,1,1
0,0.117647,2,3,0.026246,2,2,1,1,1,0.666667,4,0.25,3,2,0,2,0,2,1,1
1,0.058824,2,2,0.054308,1,3,0.666667,2,1,1,1,0.089286,3,2,0,3,0,1,1,1
1,0.117647,2,0,0.023935,1,4,0.333333,1,1,0.666667,3,0.107143,1,2,0,2,0,1,1,1
0,0.470588,1,2,0.137339,1,5,1,1,1,1,3,0.214286,1,2,0,3,0,1,1,1
1,0.382353,4,0,0.22004,1,1,1,1,1,0.333333,3,0.160714,3,2,0.333333,4,0,1,1,1
0,0.294118,2,3,0.09288,1,2,1,1,1,0.666667,2,0.232143,3,2,0,3,0,1,1,1
3,0.205882,4,6,0.088808,2,3,1,2,1,0.333333,1,0.196429,3,2,0.333333,3,0,1,1,1
1,0.823529,2,0,0.393859,2,2,1,2,1,0.333333,2,0.089286,3,2,0,4,0,1,1,1
3,0.647059,4,1,0.623968,2,3,0.333333,2,1,1,3,0.089286,1,1,0.333333,2,0,1,1,1
0,0.294118,0,2,0.212391,1,5,0.666667,1,1,1,4,0.071429,1,1,0.333333,3,1,1,1,1
0,0.029412,4,2,0.172444,1,3,0,1,1,1,1,0.446429,3,1,0,4,0,2,1,1
0,0.161765,2,4,0.056399,5,3,1,2,1,0.333333,3,0.089286,3,1,0,3,0,1,1,1
1,0.073529,4,6,0.048751,4,5,1,1,1,0.666667,4,0.232143,3,3,0.333333,3,1,1,1,1
1,0.073529,2,2,0.039012,1,3,0,2,1,0.333333,3,0.178571,3,2,0,3,0,1,2,1
0,0.117647,0,3,0.327336,1,3,1,1,1,0.333333,2,0.160714,3,1,0.333333,3,0,2,1,1
1,0.294118,2,0,0.054804,1,2,1,1,1,0.333333,1,0.071429,2,2,0,2,0,1,1,1
3,0.470588,3,3,0.231815,1,3,1,1,1,0.333333,3,0.125,3,2,0.333333,4,0,2,1,1
0,0.382353,2,2,0.118631,1,4,1,2,1,1,1,0.071429,3,1,0,3,0,1,1,1
0,0.205882,2,2,0.122318,1,1,1,1,1,0,3,0.107143,3,2,0,1,0,1,1,1
0,0.470588,2,2,0.175856,1,5,1,1,1,0.333333,3,0.410714,3,2,0,3,1,1,1,1
1,0.823529,1,10,0.799604,2,5,0.666667,2,1,1,4,0.732143,1,3,0.333333,4,0,2,1,1
0,0.647059,1,9,0.409101,1,4,0.333333,2,3,1,3,0.321429,3,1,0,3,0,1,1,1
1,0.470588,2,0,0.774073,1,5,1,1,1,0.333333,4,0.678571,3,3,0,4,0,2,1,1
1,0.205882,2,1,0.700231,1,1,0.666667,2,1,1,4,0.339286,3,3,0,4,0,2,1,1
1,0.117647,2,0,0.053538,1,5,0,1,1,0,1,0.482143,3,1,0.333333,3,0,1,1,1
3,0.294118,3,9,0.462089,1,2,0.333333,1,1,0.333333,3,0.142857,1,2,0.333333,3,0,2,1,1
1,0.294118,2,3,0.098437,1,2,0,1,1,0,2,0.053571,3,2,0,3,0,2,1,1
2,0.117647,4,0,0.037911,3,4,1,1,1,0.333333,1,0.160714,3,2,0.666667,3,0,2,1,1
3,0.117647,4,9,0.112358,1,1,1,1,1,0.333333,3,0.410714,2,2,0.333333,4,0,2,1,1
0,0.294118,2,0,0.062232,5,3,1,2,1,0.333333,2,0.285714,3,2,0,3,0,1,1,1
0,0.117647,2,0,0.12815,1,2,1,1,1,0,1,0.25,3,2,0,2,1,1,1,1
1,0.205882,2,0,0.043579,5,3,1,2,1,0.333333,2,0.25,3,2,0,3,0,1,1,1
1,0.117647,2,2,0.138219,5,5,0,2,1,0.333333,2,0.107143,1,2,0,3,0,2,1,1
0,0.205882,4,5,0.051722,1,1,0.333333,2,1,1,4,0.642857,3,3,0.666667,1,1,1,1,1
1,0.294118,2,10,0.609552,1,3,0.333333,1,2,0.666667,3,0.178571,1,2,0.333333,4,0,2,1,1
1,0.117647,2,3,0.067899,5,3,0.333333,1,1,0,1,0.107143,3,2,0,3,0,2,1,1
2,0.117647,1,9,0.019753,1,2,1,2,1,0,1,0.125,3,2,0,1,0,1,1,1
3,0.117647,2,6,0.025806,1,5,1,1,1,1,3,0.392857,1,2,0,2,1,1,1,1
1,0.647059,4,2,0.266645,1,3,0.333333,2,1,0.666667,3,0.196429,3,2,0,4,0,2,1,1
0,0.470588,2,0,0.087598,1,2,1,2,1,1,3,0.267857,3,2,0,3,0,2,1,1
1,0.161765,3,5,0.06944,4,3,0.666667,1,1,0.666667,2,0.75,2,2,0.333333,3,0,1,1,1
0,0.294118,2,0,0.251293,1,4,0.333333,1,2,0.666667,2,0.214286,3,2,0,3,0,2,1,1
0,0.117647,2,1,0.172554,1,5,0.666667,1,1,1,4,0.285714,3,3,0,3,0,2,1,1
0,0.294118,3,3,0.077528,1,2,1,2,1,0.333333,3,0.178571,3,1,0,2,0,2,1,1
1,0.294118,2,3,0.156377,2,2,0.666667,1,1,0.333333,3,0.053571,3,1,0,3,0,2,1,1
0,0.029412,2,6,0.010895,1,2,1,2,1,1,2,0.071429,3,2,0,3,0,1,1,1
0,0.073529,2,0,0.02223,1,3,1,1,1,0.666667,3,0.160714,3,2,0,2,0,1,1,1
1,0.205882,4,3,0.054749,1,3,1,1,1,0.333333,3,0.25,3,2,0,3,0,1,1,1
0,0.205882,0,2,0.157588,1,2,0,2,1,1,2,0.125,3,1,0,3,0,1,1,1
1,0.029412,3,0,0.052768,1,1,1,1,1,1,2,0.5,3,2,0,4,0,2,1,1
1,0.338235,0,9,0.443931,1,5,0.333333,2,1,1,4,0.410714,3,3,0.333333,4,0,2,1,1
0,0.294118,2,2,0.151095,5,3,0.333333,1,1,1,3,0.017857,3,2,0,3,0,1,1,1
1,0.470588,2,2,0.483328,2,2,1,1,2,0,4,0.178571,3,1,0,4,0,2,1,1
0,0.294118,2,0,0.158083,1,2,1,2,1,0,2,0.142857,3,2,0,3,0,1,1,1
1,0.294118,4,3,0.053153,2,2,1,1,1,1,4,0.339286,1,2,0.333333,3,1,1,1,1
0,0.294118,2,0,0.052658,1,2,1,2,1,1,2,0.089286,3,1,0,3,0,1,1,1
3,0.088235,2,0,0.05827,5,3,1,1,3,1,2,0.142857,3,2,0,2,0,1,1,1
1,0.161765,1,0,0.363156,2,1,0,1,1,0.333333,2,0.267857,3,2,0,4,1,2,1,1
0,0.117647,2,0,0.028007,1,4,1,1,1,0.333333,1,0.125,3,2,0,3,0,1,1,1
3,0.470588,4,2,0.378398,1,2,0.333333,2,1,1,2,0.071429,3,1,0.333333,3,0,2,1,1
0,0.205882,2,3,0.16177,1,3,0.333333,2,1,0.333333,1,0.089286,3,2,0,3,0,1,1,1
0,0.647059,0,2,0.377958,1,3,0.666667,1,1,1,4,0.607143,3,3,0.333333,3,1,1,1,1
0,0.470588,2,3,0.112909,1,3,1,1,1,1,3,0.214286,3,1,0,3,0,1,1,1
1,0.161765,2,0,0.131011,2,3,0.333333,2,1,1,3,0.160714,3,1,0.333333,3,0,2,1,1
2,0.25,4,6,0.113844,1,2,0.333333,1,1,0,3,0.25,3,1,0,3,0,1,1,1
0,0.647059,2,0,0.413393,1,5,1,1,1,1,4,0.410714,1,3,0,4,0,1,1,1
1,0.117647,2,3,0.07065,1,2,0,1,1,0,1,0.071429,3,1,0,3,0,1,1,1
0,0.382353,2,2,0.335644,5,5,1,1,1,1,2,0.214286,3,2,0,3,0,1,1,1
2,0.205882,2,2,0.143832,1,3,0.333333,1,1,0,1,0.267857,3,2,0,2,1,1,1,1
0,0.294118,3,0,0.059591,1,1,1,1,1,0.333333,1,0.428571,3,3,0.333333,3,1,1,1,1
0,0.117647,1,3,0.020689,1,3,1,2,1,1,1,0.089286,1,2,0,2,0,1,1,1
0,0.647059,2,3,0.371355,1,4,0,1,3,0,1,0.267857,3,2,0.333333,3,0,2,1,1
1,0.117647,2,3,0.059481,1,2,0.333333,1,1,0,3,0.053571,2,2,0,3,0,1,1,1
1,0.205882,0,0,0.111588,2,2,0.666667,2,1,0.666667,3,0.160714,3,2,0.333333,3,0,1,1,1
3,0.25,0,0,0.261527,5,3,0,2,1,1,2,0.178571,1,2,0.333333,3,0,2,1,1
0,0.294118,1,2,0.181688,1,4,0.666667,1,1,1,3,0.142857,1,2,0,3,0,1,1,1
1,0.205882,4,2,0.09233,1,2,0.333333,1,1,0.333333,1,0.214286,3,2,0.333333,2,0,1,1,1
0,0.294118,1,3,0.071311,1,4,1,1,3,1,3,0.089286,1,1,0,2,0,1,1,1
1,0.470588,2,0,0.667932,5,3,0,1,1,1,4,0.321429,3,3,0,3,0,2,1,1
0,0.117647,2,0,0.061737,1,4,0.333333,1,1,0.666667,3,0.303571,3,2,0,3,0,1,1,1
0,0.647059,2,3,0.358094,1,3,0.666667,2,1,0.333333,3,0.214286,3,2,0,3,0,2,1,1
0,0.294118,2,2,0.164191,1,2,1,2,1,1,1,0.071429,3,1,0,2,0,2,1,1
1,0.470588,4,0,0.141411,1,2,1,1,1,1,3,0.142857,3,2,0.333333,3,0,1,1,1
1,0.205882,4,0,0.044349,1,5,0.666667,1,3,0.666667,1,0.196429,1,2,0.333333,3,0,1,1,1
1,0.470588,2,5,0.11742,1,2,1,1,1,0,4,0.25,3,1,0,2,0,1,1,1
0,0.205882,2,2,0.098437,1,3,0,2,1,1,1,0.017857,1,1,0,3,0,1,1,1
0,0.205882,2,4,0.053208,1,3,1,1,1,0.666667,1,0.5,3,2,0,2,0,2,1,1
0,0.117647,4,2,0.109827,1,5,0.666667,1,1,0.666667,2,0.732143,3,2,0.333333,3,0,1,1,1
1,0.294118,2,0,0.135798,1,3,0.666667,2,1,1,2,0.017857,3,1,0,2,0,2,1,1
0,0.294118,1,10,0.060966,5,5,1,1,1,0.666667,3,0.375,2,2,0,4,0,2,1,1
1,0.029412,1,0,0.037471,2,2,0,2,1,0,2,0.232143,2,2,0,2,0,1,1,1
0,0.294118,2,0,0.065588,1,4,1,2,1,1,3,0.071429,3,1,0.333333,3,0,1,1,1
1,0.294118,0,9,0.219599,1,3,0,1,1,1,1,0.303571,3,2,0.666667,2,0,2,1,1
3,0.205882,4,0,0.138935,1,4,0.333333,1,1,0.333333,2,0.214286,1,2,0.333333,3,0,1,1,1
1,0.073529,2,2,0.036756,1,3,1,2,1,0,2,0.196429,3,2,0,3,0,1,1,1
1,0.294118,1,6,0.087323,1,4,1,2,1,1,4,0.267857,1,3,0,2,0,1,1,1
3,0.470588,2,2,0.170518,1,3,1,2,1,0.333333,3,0.160714,3,2,0,4,0,2,1,1
1,0.470588,2,3,0.133212,2,3,1,2,2,1,4,0.553571,3,3,0,3,0,1,1,1
0,0.117647,2,4,0.027017,2,1,1,2,1,0.666667,2,0.053571,3,2,0,3,0,1,1,1
2,0.088235,2,0,0.054473,2,5,0,2,1,1,4,0.517857,3,3,0,2,1,1,1,1
3,0.205882,3,2,0.085727,1,4,1,2,1,0,1,0.053571,3,2,0,3,0,1,1,1
1,0.382353,2,2,0.17558,2,3,0.333333,2,2,1,3,0.035714,3,1,0,3,0,1,1,1
3,0.205882,4,0,0.07043,1,3,0.666667,1,1,0.333333,2,0.232143,1,2,0.333333,3,0,1,1,1
3,0.647059,2,9,0.201607,5,3,1,1,1,0.333333,1,0.339286,1,2,0,3,0,1,1,1
0,0.205882,2,3,0.129306,1,3,1,1,1,1,4,0.821429,3,3,0.333333,3,0,1,1,1
1,0.073529,1,0,0.065313,2,4,0.333333,1,1,0.666667,4,0.178571,3,2,0,3,0,1,1,1
0,0.205882,1,2,0.071696,1,3,1,1,1,0.666667,3,0.446429,1,2,0,3,0,1,1,1
3,0.073529,2,2,0.095191,1,2,0.333333,2,2,0.333333,3,0,3,1,0.333333,3,0,1,1,1
1,0.294118,2,0,0.060801,1,2,0.666667,2,1,1,3,0.107143,3,2,0,2,0,2,1,1
0,0.558824,3,3,0.226697,1,4,0.666667,1,1,0.333333,2,0.125,1,2,0.333333,3,1,2,1,1
0,0.205882,2,6,0.027512,1,1,1,2,1,0,1,0.142857,3,2,0,1,0,1,1,1
3,0.161765,2,6,0.240618,2,3,0.666667,1,1,0.333333,2,0.375,3,2,0,4,0,2,1,1
3,0.470588,3,9,0.425333,5,2,1,1,1,1,3,0.142857,3,1,0.333333,3,0,2,1,1
3,0.117647,2,0,0.062507,3,3,0.333333,2,1,0.333333,2,0.125,3,2,0,3,0,1,1,1
2,0.294118,2,0,0.038351,1,4,1,1,1,0.666667,4,0.339286,1,3,0,3,1,1,1,1
0,0.117647,2,6,0.02388,1,3,1,1,1,1,3,0.375,3,1,0,2,1,1,1,1
1,0.117647,2,2,0.092,1,3,1,1,1,0.333333,2,0.321429,3,2,0,2,0,1,1,1
0,0.294118,2,0,0.112964,1,5,1,1,2,0,1,0.464286,3,2,0,3,0,1,1,1
1,0.470588,3,0,0.431165,2,5,0.333333,1,1,1,3,0.410714,3,2,1,4,0,2,1,1
1,0.117647,2,0,0.035105,1,5,1,1,1,1,3,0.392857,1,2,0,2,1,1,1,1
0,0.117647,2,0,0.035765,5,3,1,1,1,0.333333,3,0.071429,3,2,0,3,0,1,1,1
0,0.117647,4,0,0.252724,1,5,0.666667,1,2,1,2,0.428571,3,1,0.333333,3,0,2,1,1
3,0.25,3,9,0.128205,3,2,1,1,1,0.333333,1,0.392857,1,2,0,2,1,1,1,1
1,1,2,3,0.294101,2,3,0.333333,1,1,0.333333,3,0.089286,3,2,0,3,0,1,1,1
3,0.117647,2,2,0.048036,3,3,1,2,1,1,3,0.178571,3,1,0,2,0,1,1,1
0,0.647059,4,1,0.334599,1,5,1,1,1,1,4,0.482143,3,3,0.333333,3,0,2,1,1
1,0.647059,2,0,0.347199,2,4,0.666667,1,1,0.333333,2,0.089286,3,2,0,3,0,1,1,1
1,0.117647,0,2,0.149609,1,2,1,2,1,0.666667,2,0.107143,3,1,0.333333,3,0,1,1,1
0,0.029412,1,6,0.052162,1,5,1,2,1,1,4,0.285714,3,3,0,3,0,1,1,1
1,0.823529,2,0,0.758061,1,4,1,1,1,0.333333,4,0.142857,3,2,0,4,0,2,1,1
2,0.073529,0,3,0.059811,1,2,1,1,1,0.333333,3,0.267857,3,2,0.333333,4,0,2,1,1
1,0.029412,1,6,0.010069,4,2,1,2,1,0.333333,2,0.089286,1,1,0,3,1,1,1,1
0,0.117647,2,0,0.053813,1,3,1,2,1,0.333333,1,0.089286,3,2,0,2,0,1,1,1
3,0.338235,2,0,0.127655,1,3,0.666667,2,1,0.666667,1,0.035714,3,1,0,3,0,1,1,1
0,0.205882,2,3,0.089799,1,3,1,2,1,1,3,0.107143,1,1,0.333333,3,0,1,1,1
1,0.647059,1,9,0.339276,1,5,1,2,1,0.666667,4,0.714286,3,1,0,3,0,1,1,1
0,0.294118,2,3,0.095576,1,3,0.333333,1,1,1,1,0.035714,3,1,0,2,1,1,1,1
1,0.294118,2,1,0.622318,1,3,0,2,1,1,3,0.071429,3,1,0.333333,4,0,1,1,1
1,0.382353,0,9,0.221745,2,3,1,2,1,1,3,0.125,3,1,0.333333,2,0,1,1,1
0,0.117647,2,0,0.056344,1,2,0.666667,2,1,0,1,0.321429,3,2,0,2,0,1,1,1
0,0.205882,2,0,0.039947,1,2,0,2,1,0.333333,3,0.071429,3,2,0,2,0,1,1,1
3,0.117647,3,5,0.071806,4,5,1,1,1,1,4,0.642857,3,3,0.333333,3,1,1,1,1
0,0.294118,2,0,0.056949,5,4,1,2,1,1,4,0.232143,3,1,0,3,0,1,1,1
2,0.161765,4,3,0.056179,5,3,0.666667,1,1,1,4,0.357143,3,3,0.333333,3,0,2,1,1
0,0.117647,4,0,0.024265,1,5,1,1,1,0.666667,2,0.285714,3,2,0.333333,3,0,1,1,1
0,0.205882,4,2,0.103114,1,3,1,2,1,1,1,0.089286,3,1,0.333333,3,0,1,1,1
3,0.25,4,0,0.683944,5,5,1,1,1,1,4,0.196429,3,3,0,4,0,2,1,1
0,0.382353,2,2,0.157258,1,2,0.333333,1,1,1,2,0.214286,3,2,0,2,0,1,1,1
0,0.470588,4,6,0.43001,1,3,0.666667,2,1,0.333333,4,0.107143,3,2,0.333333,4,0,2,1,1
0,0.294118,2,0,0.061682,5,3,1,2,1,1,1,0.107143,3,1,0,3,0,1,1,1
1,0.514706,4,3,0.257676,1,4,0.333333,1,3,0.333333,1,0.107143,3,2,0.333333,3,0,1,1,1
1,0.117647,2,0,0.032244,2,2,1,2,1,0.333333,2,0.071429,1,2,0,2,0,1,1,1
1,0.647059,3,6,0.328711,1,5,1,1,1,1,4,0.553571,3,3,0,3,0,1,1,1
0,0.529412,4,6,0.316276,1,3,1,1,1,0.666667,4,0.142857,1,2,0,3,0,2,1,1
1,0.25,2,9,0.051612,1,5,0.333333,2,1,1,2,0.357143,3,2,0,3,1,1,1,1
0,0.205882,2,1,0.399527,5,5,0,1,1,1,2,0.571429,3,3,0,3,1,2,1,1
0,0.470588,2,0,0.496368,1,4,0.333333,1,1,0,3,0.089286,3,2,0,3,0,2,1,1
1,0.161765,0,0,0.084076,1,2,0.333333,2,1,0,1,0.125,3,1,0.333333,1,0,1,1,1
0,0.470588,4,1,0.516067,1,4,1,1,1,1,3,0.089286,3,2,0.333333,3,0,2,1,1
0,0.647059,2,4,0.154121,1,3,0.666667,1,1,1,3,0.625,3,2,0,3,0,1,1,1
0,0.647059,2,0,0.202542,1,4,1,1,1,1,4,0.482143,3,3,0,3,1,1,1,1
0,0.205882,2,3,0.060251,1,3,1,1,1,0.666667,1,0.125,1,2,0,3,0,1,1,1
0,0.470588,2,2,0.135468,1,5,0.333333,1,1,0.333333,2,0.392857,1,2,0,3,1,1,1,1
0,0.205882,4,0,0.204468,1,5,0,2,1,1,1,0.25,1,1,0.666667,3,0,2,1,1
3,0.205882,0,9,0.215418,1,3,0.333333,1,1,0.333333,3,0.303571,2,2,0.333333,3,1,1,1,1
0,0.470588,2,1,0.444866,5,5,0.666667,1,1,1,4,0.5,3,3,0,3,0,1,1,1
0,0.205882,2,0,0.053153,1,2,1,2,1,0.666667,3,0.071429,3,1,0,3,0,2,1,1
0,0.602941,0,9,0.636404,1,5,0.333333,1,1,1,3,0.178571,3,1,0.333333,3,0,1,1,1
2,0.161765,2,3,0.114284,1,2,0.333333,2,1,0.666667,1,0.107143,3,2,0,2,0,1,1,1
0,0.117647,0,0,0.04578,1,3,1,1,1,1,3,0.517857,1,2,0.333333,3,0,1,1,1
0,0.470588,2,2,0.271212,1,4,1,1,1,0.333333,2,0.178571,3,2,0,3,0,1,1,1
3,0.205882,2,5,0.093155,1,2,1,2,1,1,1,0.071429,3,2,0,3,0,1,1,1
3,0.205882,2,0,0.358259,5,3,0.333333,1,1,1,3,0.875,3,1,0.333333,3,0,1,1,1
0,0.117647,2,3,0.025256,1,5,1,1,1,1,1,0.678571,2,2,0,2,0,1,1,1
0,0.235294,4,0,0.109222,1,3,1,1,3,0.333333,2,0.25,1,1,0.333333,3,0,1,2,1
0,0.205882,1,0,0.065588,1,4,1,1,1,1,4,0.232143,3,3,0.333333,2,1,1,1,1
0,0.161765,2,0,0.204083,1,3,0.666667,2,1,0.333333,2,0.178571,3,2,0,3,0,2,1,1
3,0.205882,3,9,0.10559,1,3,1,1,1,0.333333,3,0.160714,3,2,0,3,0,2,1,1
0,0.294118,2,3,0.120447,1,2,1,2,1,1,1,0.285714,3,2,0,3,0,2,1,1
3,0.088235,2,2,0.107846,1,3,0.333333,1,1,0.333333,1,0.107143,1,1,0,2,0,1,1,1
0,0.073529,2,0,0.064488,1,2,0.666667,1,1,0.333333,4,0.142857,3,3,0,4,0,2,1,1
1,0.294118,2,2,0.209475,1,4,0.666667,1,1,0.666667,3,0.428571,3,2,0,3,0,2,1,1
0,0.117647,2,6,0.029988,1,2,1,2,1,1,2,0.607143,3,2,0,3,0,1,1,1
1,0.647059,2,9,0.848575,1,3,0.333333,1,1,0.333333,3,0.071429,3,2,0,3,0,2,1,1
0,0.205882,2,2,0.214757,1,3,0.333333,1,2,0.666667,3,0.410714,3,2,0,3,0,1,1,1
0,0.176471,4,0,0.130681,1,5,0.333333,1,3,1,2,0.428571,1,1,0,3,0,2,1,1
1,0.294118,4,2,0.246836,1,2,0.333333,2,1,1,3,0.107143,1,2,0,2,0,1,1,1
0,0.294118,1,9,0.160174,1,3,1,1,1,0.333333,2,0.214286,3,1,0,3,0,2,1,1
1,0.647059,0,10,1,1,3,0,2,1,0.333333,2,0.232143,1,2,0,4,0,2,2,1
0,0.029412,2,0,0.805877,1,5,0,1,1,1,4,0.875,1,2,0,4,0,2,1,1
0,0.294118,2,2,0.116045,2,1,0,1,1,0,2,0.25,3,2,0,3,0,1,1,1
0,0.294118,2,2,0.170298,1,5,1,1,1,0.333333,2,0.357143,3,1,0,4,0,2,1,1
0,0.073529,2,3,0.061406,1,2,0.666667,2,1,1,2,0.053571,3,1,0,3,0,1,1,1
0,0.294118,1,2,0.364367,1,2,0.333333,1,1,0,2,0.642857,1,2,0,3,0,2,1,1
0,0.117647,1,0,0.024596,1,2,1,1,1,0.333333,3,0.482143,1,2,0.333333,3,0,2,1,1
0,0.647059,2,1,0.552823,1,4,1,1,1,1,4,0.357143,2,3,0.666667,3,1,2,1,1
1,0.073529,2,3,0.078134,1,2,1,2,1,0.333333,3,0.053571,3,2,0,3,0,2,1,1
1,0.382353,3,3,0.091834,2,2,1,1,1,0.666667,4,0.196429,2,2,0.333333,4,0,1,1,1
2,0.073529,2,3,0.027237,1,3,0.666667,2,1,0.333333,1,0.160714,3,2,0,2,0,1,1,1
1,0.823529,2,6,0.332233,1,3,1,1,1,1,4,0.410714,3,3,0,3,0,1,1,1
0,0.294118,1,2,0.170518,3,2,1,1,1,1,4,0.196429,3,3,0,3,1,2,1,1
3,0.205882,2,2,0.070595,1,2,1,1,2,0,2,0.428571,3,2,0,2,1,1,1,1
3,0.294118,2,3,0.185485,2,5,0.333333,1,1,1,3,0.214286,3,2,0.333333,3,0,1,1,1
0,0.470588,3,9,0.10427,1,4,0.333333,1,1,0,3,0.089286,3,2,0.333333,3,0,2,1,1
1,0.294118,2,1,0.212556,3,2,0.666667,2,1,1,3,0.160714,3,1,0,3,0,1,1,1
3,0.470588,2,2,0.590074,1,1,1,2,1,0.333333,3,0.125,3,2,0.333333,4,0,2,1,1
0,0.352941,2,0,0.206669,1,3,0.666667,1,1,0.333333,3,0.464286,3,2,0,2,0,1,1,1
3,0.294118,2,3,0.118136,3,5,0.666667,1,1,0.333333,3,0.285714,1,2,0.333333,3,0,2,1,1
1,0.338235,4,3,0.124904,3,3,1,1,1,0.333333,2,0.071429,3,2,0.333333,2,0,1,1,1
0,0.294118,1,0,0.051887,1,1,0,2,2,1,4,0.178571,3,1,0.333333,1,0,1,1,1
0,0.823529,2,9,0.387752,1,5,1,1,2,1,4,0.303571,3,1,0,3,0,1,1,1
3,0.294118,3,0,0.125894,1,5,1,1,1,1,3,0.5,3,2,0.333333,2,1,1,1,1
1,0.161765,1,0,0.055794,2,3,0.333333,1,1,0.333333,2,0.107143,3,1,0,3,0,1,1,1
1,0.382353,4,2,0.447672,1,4,0.333333,1,1,0.333333,2,0.535714,3,2,0,3,0,1,1,1
3,0.647059,2,9,0.252779,1,1,0.666667,1,1,0.333333,3,0.25,1,1,0,4,0,2,1,1
0,0.470588,2,1,0.439034,1,3,0.333333,1,1,0.333333,2,0.125,3,2,0,3,1,1,1,1
0,0.602941,2,3,0.087763,1,3,1,1,1,1,4,0.071429,3,3,0,3,0,2,1,1
