Status_of_existing_checking_account,Duration_in_month,Credit_history,Purpose,Credit_amount,Savings_accountbonds,Present_employment_since,Installment_rate_in_percentage_of_disposable_income,Personal_status_and_sex,Other_debtorsguarantors,Present_residence_since,Property,Age_in_years,Other_installment_plans,Housing,Number_of_existing_credits_at_this_bank,Job,Number_of_people_being_liable_to_provide_maintenance_for,Telephone,Foreign_worker,Creditworthiness
1,0.294118,3,2,0.11461400000000001,5,2,1.0,1,1,0.333333,2,0.178571,1,2,0.0,2,0,1,1,good credit
0,0.117647,2,2,0.056784,1,3,0.333333,2,1,1.0,3,0.017856999999999998,3,1,0.0,3,0,1,1,bad credit
3,0.117647,3,5,0.071806,4,5,1.0,1,1,1.0,4,0.642857,3,3,0.333333,3,1,1,1,bad credit
0,0.470588,4,2,0.328986,1,2,1.0,2,2,1.0,4,0.07142899999999999,3,1,0.333333,2,0,2,1,bad credit
3,0.470588,4,0,0.180753,1,4,1.0,1,1,1.0,3,0.321429,3,2,0.333333,3,0,2,1,good credit
1,0.16176500000000002,2,0,0.131011,2,3,0.333333,2,1,1.0,3,0.16071400000000002,3,1,0.333333,3,0,2,1,bad credit
0,0.029412,2,6,0.010895,1,2,1.0,2,1,1.0,2,0.07142899999999999,3,2,0.0,3,0,1,1,bad credit
1,0.382353,4,0,0.106251,5,5,1.0,1,1,1.0,1,0.303571,3,2,0.333333,3,0,1,1,good credit
3,0.117647,2,1,0.120777,5,2,0.333333,1,1,1.0,3,0.125,3,1,0.0,3,0,2,1,good credit
0,0.294118,1,0,0.051887,1,1,0.0,2,2,1.0,4,0.178571,3,1,0.333333,1,0,1,1,bad credit
3,0.029412,2,5,0.02256,3,4,0.333333,1,1,1.0,1,0.07142899999999999,3,1,0.0,2,0,1,1,good credit
2,0.08823500000000001,2,0,0.054473,2,5,0.0,2,1,1.0,4,0.517857,3,3,0.0,2,1,1,1,bad credit
1,0.029412,4,8,0.037526,5,4,0.0,2,1,0.666667,2,0.357143,3,2,0.333333,2,0,1,1,good credit
3,0.294118,2,1,0.133157,1,5,1.0,1,1,1.0,3,0.28571399999999997,3,2,0.0,4,0,2,1,good credit
3,0.294118,4,3,0.10856199999999999,2,5,1.0,1,1,1.0,2,0.589286,1,2,0.333333,3,0,1,1,good credit
0,0.205882,2,3,0.16177,1,3,0.333333,2,1,0.333333,1,0.089286,3,2,0.0,3,0,1,1,bad credit
1,0.294118,4,10,0.643117,1,3,0.333333,1,2,0.666667,3,0.357143,3,2,0.333333,4,1,2,1,bad credit
3,0.205882,2,5,0.093155,1,2,1.0,2,1,1.0,1,0.07142899999999999,3,2,0.0,3,0,1,1,bad credit
3,0.117647,2,0,0.06250700000000001,3,3,0.333333,2,1,0.333333,2,0.125,3,2,0.0,3,0,1,1,bad credit
0,0.647059,1,9,0.40910100000000005,1,4,0.333333,2,3,1.0,3,0.321429,3,1,0.0,3,0,1,1,bad credit
3,0.294118,4,0,0.05706,4,5,1.0,2,1,1.0,1,0.321429,3,2,0.333333,3,0,2,1,good credit
0,0.294118,2,2,0.164191,1,2,1.0,2,1,1.0,1,0.07142899999999999,3,1,0.0,2,0,2,1,bad credit
1,0.235294,0,1,0.32453000000000004,2,5,0.666667,1,1,1.0,3,0.214286,1,2,0.333333,3,0,2,1,good credit
1,0.338235,3,1,0.31446,1,5,0.0,1,1,0.333333,3,0.196429,3,2,0.333333,4,0,2,1,good credit
1,0.235294,3,1,0.374546,5,4,0.666667,1,1,1.0,2,0.303571,1,1,0.333333,4,1,2,1,good credit
0,0.647059,2,1,0.552823,1,4,1.0,1,1,1.0,4,0.357143,2,3,0.666667,3,1,2,1,bad credit
1,0.08823500000000001,2,2,0.069935,1,3,1.0,1,1,0.333333,3,0.214286,3,2,0.0,2,0,1,1,good credit
3,0.294118,2,0,0.067074,2,5,1.0,1,1,1.0,1,0.392857,3,1,0.0,2,0,1,1,good credit
1,0.117647,2,0,0.397381,5,1,0.0,2,1,0.333333,1,0.089286,3,1,0.0,1,0,1,1,good credit
0,0.205882,2,1,0.399527,5,5,0.0,1,1,1.0,2,0.571429,3,3,0.0,3,1,2,1,bad credit
3,0.117647,2,6,0.06289199999999999,1,5,1.0,1,1,1.0,2,0.5,1,2,0.666667,3,1,2,1,good credit
3,0.029412,2,3,0.074007,1,4,0.666667,1,1,0.333333,2,0.571429,3,2,0.0,3,1,1,1,good credit
2,0.470588,2,3,0.217894,1,3,1.0,1,1,0.333333,3,0.125,3,2,0.0,3,0,1,1,bad credit
0,0.382353,4,1,0.57076,1,5,0.666667,1,1,1.0,4,0.33928600000000003,3,3,0.666667,4,1,2,1,good credit
1,0.117647,2,0,0.0575,1,2,0.666667,2,1,0.0,3,0.107143,3,1,0.0,3,0,1,1,bad credit
1,0.029412,2,3,0.099758,1,2,1.0,1,1,0.666667,3,0.196429,3,1,0.0,4,0,2,1,good credit
0,0.029412,4,2,0.08924800000000001,1,1,1.0,1,1,1.0,4,0.303571,3,3,0.666667,4,0,2,1,good credit
2,0.382353,3,9,0.09122899999999999,1,5,1.0,1,1,1.0,1,0.8392860000000001,3,2,0.0,4,0,2,1,bad credit
0,0.205882,2,3,0.129306,1,3,1.0,1,1,1.0,4,0.8214290000000001,3,3,0.333333,3,0,1,1,bad credit
1,0.117647,4,1,0.085507,2,2,0.666667,1,1,1.0,2,0.446429,3,2,0.0,3,0,1,1,good credit
1,0.470588,2,3,0.133212,2,3,1.0,2,2,1.0,4,0.553571,3,3,0.0,3,0,1,1,bad credit
1,0.029412,2,5,0.011225,1,2,0.666667,1,1,0.0,2,0.053571,3,2,0.0,2,0,1,1,good credit
0,0.647059,2,1,0.24969699999999997,1,4,1.0,1,1,0.666667,2,0.125,3,2,0.0,3,1,1,1,good credit
1,0.08823500000000001,2,0,0.388357,1,1,0.333333,1,1,1.0,4,0.9107139999999999,1,3,0.0,4,0,2,1,good credit
1,0.16176500000000002,2,0,0.131011,2,3,0.333333,2,1,1.0,3,0.16071400000000002,3,1,0.333333,3,0,2,1,bad credit
0,0.294118,2,0,0.11296400000000001,1,5,1.0,1,2,0.0,1,0.464286,3,2,0.0,3,0,1,1,bad credit
1,0.294118,4,9,0.14168599999999998,5,4,1.0,1,1,0.666667,4,0.267857,3,2,0.333333,3,1,2,1,good credit
0,0.294118,2,2,0.164191,1,2,1.0,2,1,1.0,1,0.07142899999999999,3,1,0.0,2,0,2,1,bad credit
1,0.117647,2,2,0.138219,5,5,0.0,2,1,0.333333,2,0.107143,1,2,0.0,3,0,2,1,bad credit
0,0.117647,3,0,0.060196000000000006,1,3,1.0,1,1,0.333333,1,0.428571,3,2,0.333333,2,1,1,1,good credit
1,0.029412,2,0,0.7871130000000001,5,1,0.0,1,1,0.333333,2,0.07142899999999999,3,2,0.0,1,0,2,1,bad credit
3,0.294118,2,3,0.31325,5,2,0.0,2,1,0.0,3,0.446429,3,2,0.333333,3,0,2,1,bad credit
0,0.205882,4,0,0.204468,1,5,0.0,2,1,1.0,1,0.25,1,1,0.666667,3,0,2,1,bad credit
3,0.205882,4,3,0.320238,1,5,0.666667,1,1,1.0,3,0.25,3,2,0.333333,3,0,2,1,good credit
1,0.470588,3,0,0.108672,1,5,1.0,1,1,1.0,4,0.678571,1,3,0.333333,3,0,2,1,bad credit
2,0.029412,2,0,0.025256,4,2,0.333333,1,1,0.333333,1,0.14285699999999998,3,2,0.0,1,0,1,2,good credit
3,0.25,0,0,0.261527,5,3,0.0,2,1,1.0,2,0.178571,1,2,0.333333,3,0,2,1,bad credit
3,0.029412,2,2,0.071146,4,3,1.0,1,1,0.333333,1,0.25,3,2,0.0,3,0,1,1,good credit
0,0.294118,2,1,0.149334,5,5,1.0,1,1,1.0,4,0.535714,1,3,0.0,3,1,2,1,good credit
0,0.294118,2,0,0.062232,5,3,1.0,2,1,0.333333,2,0.28571399999999997,3,2,0.0,3,0,1,1,bad credit
3,0.117647,2,9,0.071091,1,4,0.333333,1,1,1.0,3,0.303571,3,2,0.0,3,0,2,1,good credit
0,0.117647,2,2,0.12804000000000001,1,3,0.333333,1,1,0.0,3,0.410714,3,2,0.0,3,0,1,1,good credit
0,0.117647,2,0,0.028007,1,4,1.0,1,1,0.333333,1,0.125,3,2,0.0,3,0,1,1,bad credit
1,0.25,2,9,0.138495,2,5,1.0,1,1,0.333333,3,0.75,1,1,0.333333,2,0,1,1,bad credit
0,0.235294,4,0,0.109222,1,3,1.0,1,3,0.333333,2,0.25,1,1,0.333333,3,0,1,2,bad credit
3,0.205882,3,9,0.10559,1,3,1.0,1,1,0.333333,3,0.16071400000000002,3,2,0.0,3,0,2,1,bad credit
0,0.205882,2,2,0.132552,4,3,1.0,1,1,0.333333,3,0.16071400000000002,3,2,0.0,3,0,1,1,good credit
3,0.294118,2,1,0.133157,1,5,1.0,1,1,1.0,3,0.28571399999999997,3,2,0.0,4,0,2,1,good credit
3,0.470588,3,9,0.512931,1,2,0.0,1,1,0.0,3,0.16071400000000002,3,2,0.333333,3,0,1,1,bad credit
1,0.470588,2,3,0.133212,2,3,1.0,2,2,1.0,4,0.553571,3,3,0.0,3,0,1,1,bad credit
1,0.470588,0,3,0.195554,1,3,1.0,2,1,0.0,3,0.410714,3,2,0.0,3,0,2,1,bad credit
3,0.117647,2,0,0.089909,1,5,1.0,1,1,1.0,3,0.357143,3,2,0.0,4,0,2,1,good credit
3,0.117647,2,1,0.120777,5,2,0.333333,1,1,1.0,3,0.125,3,1,0.0,3,0,2,1,good credit
1,0.470588,0,9,0.093705,1,5,1.0,1,1,1.0,4,0.75,3,3,0.0,4,0,2,1,bad credit
0,0.117647,2,3,0.047155,1,3,0.333333,1,1,0.333333,1,0.017856999999999998,3,1,0.0,4,1,2,1,good credit
0,0.647059,2,9,0.223286,1,2,0.666667,2,1,1.0,2,0.089286,3,1,0.0,3,0,1,1,bad credit
3,0.073529,2,2,0.05849,1,5,0.0,1,1,1.0,3,0.017856999999999998,3,2,0.0,3,0,1,1,good credit
3,0.117647,2,0,0.143557,5,1,1.0,1,1,1.0,4,0.33928600000000003,3,2,0.0,4,0,2,1,good credit
3,0.117647,3,1,0.068945,1,3,1.0,1,1,1.0,1,0.392857,3,1,0.0,3,0,1,1,good credit
1,0.029412,2,0,0.7871130000000001,5,1,0.0,1,1,0.333333,2,0.07142899999999999,3,2,0.0,1,0,2,1,bad credit
3,0.205882,2,3,0.239023,1,2,0.666667,1,1,0.333333,3,0.232143,3,2,0.0,3,0,2,1,good credit
1,0.073529,2,2,0.036756,1,3,1.0,2,1,0.0,2,0.196429,3,2,0.0,3,0,1,1,bad credit
0,0.102941,4,0,0.202982,1,3,0.0,1,1,0.333333,1,0.375,3,2,0.333333,2,1,1,1,good credit
1,0.117647,2,2,0.038572,2,2,1.0,2,1,1.0,3,0.14285699999999998,1,1,1.0,3,0,1,1,bad credit
0,0.514706,4,2,0.766425,5,4,1.0,1,1,1.0,2,0.196429,3,2,0.333333,4,0,2,1,good credit
1,0.294118,2,2,0.155112,2,5,1.0,1,1,1.0,4,0.196429,3,3,0.0,3,0,1,1,good credit
3,0.294118,4,0,0.09299,4,5,1.0,1,1,1.0,1,0.732143,3,2,0.0,3,0,2,1,good credit
0,0.25,4,0,0.074392,1,5,1.0,1,1,0.666667,3,0.196429,3,2,0.333333,3,0,2,1,good credit
1,0.25,2,2,0.20501799999999998,5,4,0.333333,1,1,0.666667,3,0.28571399999999997,3,2,0.0,3,0,2,1,good credit
1,0.8235290000000001,2,0,0.393859,2,2,1.0,2,1,0.333333,2,0.089286,3,2,0.0,4,0,1,1,bad credit
0,0.205882,2,2,0.048476,1,1,1.0,2,1,0.333333,3,0.25,3,2,0.0,3,0,1,1,bad credit
2,0.294118,2,0,0.038350999999999996,1,4,1.0,1,1,0.666667,4,0.33928600000000003,1,3,0.0,3,1,1,1,bad credit
1,0.25,4,2,0.137284,4,4,0.666667,1,1,0.333333,3,0.232143,3,2,0.333333,3,0,2,1,good credit
2,0.16176500000000002,2,6,0.09106399999999999,1,5,1.0,1,1,1.0,3,0.375,3,1,0.0,4,0,2,1,good credit
2,0.294118,4,2,0.185265,5,5,1.0,1,2,1.0,4,0.017856999999999998,3,1,0.333333,3,0,1,1,good credit
0,0.294118,2,0,0.056949,5,4,1.0,2,1,1.0,4,0.232143,3,1,0.0,3,0,1,1,bad credit
0,0.205882,2,2,0.12231800000000001,1,1,1.0,1,1,0.0,3,0.107143,3,2,0.0,1,0,1,1,bad credit
1,0.294118,2,0,0.135798,1,3,0.666667,2,1,1.0,2,0.017856999999999998,3,1,0.0,2,0,2,1,bad credit
2,0.294118,4,9,0.056399,4,3,0.333333,1,1,1.0,1,0.303571,3,2,0.333333,3,0,2,1,good credit
3,0.470588,2,9,0.393914,5,5,0.666667,1,1,0.333333,2,0.321429,3,2,0.333333,3,0,1,1,good credit
3,0.117647,4,2,0.16952799999999998,1,5,0.333333,1,1,1.0,2,0.410714,2,2,0.0,3,0,1,1,good credit
1,0.117647,2,0,0.032244,2,2,1.0,2,1,0.333333,2,0.07142899999999999,1,2,0.0,2,0,1,1,bad credit
3,0.029412,4,0,0.10069299999999999,3,3,0.0,1,1,0.333333,3,0.089286,3,2,0.0,3,0,1,1,good credit
1,0.029412,2,3,0.018708000000000002,1,2,0.666667,1,1,0.666667,1,0.125,3,2,0.0,2,0,1,2,good credit
1,0.117647,2,0,0.041652999999999996,4,3,1.0,1,1,0.0,1,0.053571,3,2,0.0,3,0,1,1,good credit
3,0.470588,2,0,0.155662,5,3,1.0,1,1,1.0,1,0.303571,3,2,0.0,3,0,1,1,good credit
1,0.073529,2,2,0.039012,1,3,0.0,2,1,0.333333,3,0.178571,3,2,0.0,3,0,1,2,bad credit
0,0.029412,1,6,0.052162,1,5,1.0,2,1,1.0,4,0.28571399999999997,3,3,0.0,3,0,1,1,bad credit
3,0.117647,2,3,0.155552,1,3,0.333333,1,1,1.0,3,0.589286,3,2,0.0,3,0,2,1,good credit
3,0.117647,4,3,0.077308,1,5,0.333333,1,1,1.0,1,0.785714,3,2,0.333333,2,0,2,1,good credit
1,0.294118,2,3,0.156377,2,2,0.666667,1,1,0.333333,3,0.053571,3,1,0.0,3,0,2,1,bad credit
3,0.205882,3,2,0.085727,1,4,1.0,2,1,0.0,1,0.053571,3,2,0.0,3,0,1,1,bad credit
1,0.117647,2,0,0.035105000000000004,1,5,1.0,1,1,1.0,3,0.392857,1,2,0.0,2,1,1,1,bad credit
0,0.117647,0,3,0.327336,1,3,1.0,1,1,0.333333,2,0.16071400000000002,3,1,0.333333,3,0,2,1,bad credit
3,0.294118,2,1,0.129471,4,3,0.333333,2,1,1.0,3,0.16071400000000002,3,1,0.0,3,0,2,1,good credit
3,0.117647,2,0,0.06250700000000001,3,3,0.333333,2,1,0.333333,2,0.125,3,2,0.0,3,0,1,1,bad credit
3,0.294118,2,3,0.063993,1,3,1.0,1,1,0.333333,2,0.16071400000000002,3,2,0.0,3,0,1,1,good credit
0,0.117647,2,0,0.061737,1,4,0.333333,1,1,0.666667,3,0.303571,3,2,0.0,3,0,1,1,bad credit
0,0.294118,2,2,0.15951400000000002,1,2,1.0,1,1,0.0,4,0.053571,1,3,0.0,3,0,1,1,good credit
3,0.073529,2,2,0.05849,1,5,0.0,1,1,1.0,3,0.017856999999999998,3,2,0.0,3,0,1,1,good credit
0,0.205882,4,2,0.10311400000000001,1,3,1.0,2,1,1.0,1,0.089286,3,1,0.333333,3,0,1,1,bad credit
3,0.25,4,0,0.683944,5,5,1.0,1,1,1.0,4,0.196429,3,3,0.0,4,0,2,1,bad credit
1,0.294118,4,0,0.199626,2,2,1.0,1,1,0.333333,3,0.321429,3,2,0.0,3,0,2,1,good credit
3,0.117647,2,1,0.063993,4,4,0.666667,1,1,0.333333,2,0.642857,3,2,0.0,3,0,1,2,good credit
0,0.205882,2,0,0.039947,1,2,0.0,2,1,0.333333,3,0.07142899999999999,3,2,0.0,2,0,1,1,bad credit
0,0.647059,1,9,0.40910100000000005,1,4,0.333333,2,3,1.0,3,0.321429,3,1,0.0,3,0,1,1,bad credit
1,0.205882,2,9,0.13051600000000002,2,3,1.0,1,1,1.0,3,0.267857,3,2,0.0,3,0,1,1,good credit
3,0.25,3,2,0.073787,2,4,1.0,1,1,0.666667,1,0.267857,3,2,0.333333,4,0,1,1,good credit
1,0.117647,2,2,0.038572,2,2,1.0,2,1,1.0,3,0.14285699999999998,1,1,1.0,3,0,1,1,bad credit
1,0.647059,2,3,0.5893579999999999,4,4,0.0,1,2,0.333333,4,0.14285699999999998,1,2,0.333333,3,0,2,1,bad credit
0,0.647059,0,1,0.239628,1,5,0.666667,1,1,1.0,4,0.089286,3,3,0.333333,3,1,1,1,bad credit
1,0.647059,2,9,0.848575,1,3,0.333333,1,1,0.333333,3,0.07142899999999999,3,2,0.0,3,0,2,1,bad credit
3,0.470588,4,3,0.170133,5,5,1.0,1,1,0.333333,3,0.571429,3,2,0.0,3,0,2,1,good credit
0,0.205882,2,6,0.027512,1,1,1.0,2,1,0.0,1,0.14285699999999998,3,2,0.0,1,0,1,1,bad credit
3,0.294118,2,9,0.055464,1,4,1.0,1,1,0.0,1,0.107143,3,2,0.0,3,0,2,1,good credit
3,0.205882,4,3,0.073292,4,5,1.0,1,1,1.0,3,0.48214300000000004,3,2,0.333333,3,0,1,1,good credit
0,0.470588,2,0,0.49636800000000003,1,4,0.333333,1,1,0.0,3,0.089286,3,2,0.0,3,0,2,1,bad credit
0,0.647059,4,1,0.324254,1,5,1.0,2,1,1.0,4,0.696429,2,3,0.333333,2,0,1,1,bad credit
3,0.470588,4,2,0.378398,1,2,0.333333,2,1,1.0,2,0.07142899999999999,3,1,0.333333,3,0,2,1,bad credit
1,0.029412,3,9,0.065973,2,5,0.0,1,1,0.333333,3,0.214286,1,2,0.333333,3,1,1,1,good credit
2,0.029412,2,0,0.025256,4,2,0.333333,1,1,0.333333,1,0.14285699999999998,3,2,0.0,1,0,1,2,good credit
0,0.558824,2,3,0.204413,1,2,1.0,1,1,0.666667,3,0.267857,3,2,0.0,3,0,1,1,bad credit
3,0.08823500000000001,2,6,0.026246,3,5,1.0,1,1,1.0,4,0.48214300000000004,3,3,0.0,3,0,2,1,good credit
3,0.25,0,0,0.261527,5,3,0.0,2,1,1.0,2,0.178571,1,2,0.333333,3,0,2,1,bad credit
1,0.338235,0,9,0.443931,1,5,0.333333,2,1,1.0,4,0.410714,3,3,0.333333,4,0,2,1,bad credit
3,0.117647,3,1,0.068945,1,3,1.0,1,1,1.0,1,0.392857,3,1,0.0,3,0,1,1,good credit
0,0.294118,2,0,0.158083,1,2,1.0,2,1,0.0,2,0.14285699999999998,3,2,0.0,3,0,1,1,bad credit
0,0.117647,0,5,0.04721,1,4,1.0,1,1,0.666667,1,0.16071400000000002,3,2,0.333333,3,0,1,1,bad credit
0,0.294118,2,0,0.065588,1,4,1.0,2,1,1.0,3,0.07142899999999999,3,1,0.333333,3,0,1,1,bad credit
0,0.294118,2,0,0.158083,1,2,1.0,2,1,0.0,2,0.14285699999999998,3,2,0.0,3,0,1,1,bad credit
0,0.16176500000000002,2,4,0.056399,5,3,1.0,2,1,0.333333,3,0.089286,3,1,0.0,3,0,1,1,bad credit
3,0.029412,2,3,0.06030599999999999,2,5,0.333333,1,1,1.0,4,0.410714,1,3,0.0,3,1,2,1,good credit
3,0.205882,4,1,0.163915,5,1,0.333333,1,1,1.0,4,0.33928600000000003,3,2,0.0,4,0,2,1,good credit
1,0.073529,1,1,0.26846,1,5,0.333333,2,1,1.0,4,0.982143,1,3,0.0,4,1,2,1,bad credit
0,0.205882,2,2,0.048476,1,1,1.0,2,1,0.333333,3,0.25,3,2,0.0,3,0,1,1,bad credit
0,0.294118,1,0,0.051887,1,1,0.0,2,2,1.0,4,0.178571,3,1,0.333333,1,0,1,1,bad credit
0,0.117647,2,4,0.027017000000000003,2,1,1.0,2,1,0.666667,2,0.053571,3,2,0.0,3,0,1,1,bad credit
2,0.08823500000000001,4,0,0.029218,1,5,1.0,1,1,1.0,4,0.785714,3,3,0.333333,3,0,2,1,good credit
1,0.117647,2,0,0.041652999999999996,4,3,1.0,1,1,0.0,1,0.053571,3,2,0.0,3,0,1,1,good credit
0,0.647059,0,2,0.377958,1,3,0.666667,1,1,1.0,4,0.607143,3,3,0.333333,3,1,1,1,bad credit
3,0.294118,2,0,0.393034,1,3,0.0,1,1,1.0,2,0.428571,3,2,0.0,2,1,1,1,good credit
3,0.029412,4,3,0.081985,1,5,0.333333,1,1,0.333333,1,0.196429,3,1,0.333333,3,0,1,1,good credit
3,0.117647,0,2,0.138054,1,5,0.333333,1,1,1.0,2,0.267857,3,2,0.333333,3,0,1,1,good credit
0,0.294118,1,2,0.18168800000000002,1,4,0.666667,1,1,1.0,3,0.14285699999999998,1,2,0.0,3,0,1,1,bad credit
1,0.205882,0,0,0.111588,2,2,0.666667,2,1,0.666667,3,0.16071400000000002,3,2,0.333333,3,0,1,1,bad credit
1,0.117647,3,3,0.018433,1,3,1.0,1,2,1.0,1,0.017856999999999998,3,1,0.333333,3,0,1,1,good credit
0,0.117647,2,4,0.027017000000000003,2,1,1.0,2,1,0.666667,2,0.053571,3,2,0.0,3,0,1,1,bad credit
3,0.117647,2,2,0.083526,1,3,0.666667,1,1,0.333333,1,0.089286,3,1,0.0,2,0,1,1,good credit
1,0.16176500000000002,4,3,0.070815,5,5,1.0,1,3,1.0,1,0.553571,3,2,0.333333,3,0,2,1,good credit
1,0.382353,2,2,0.17557999999999999,2,3,0.333333,2,2,1.0,3,0.035713999999999996,3,1,0.0,3,0,1,1,bad credit
0,0.294118,2,9,0.347639,1,3,0.333333,1,1,0.333333,3,0.035713999999999996,2,2,0.0,2,0,1,1,good credit
3,0.294118,4,3,0.144272,2,5,0.666667,1,1,1.0,1,0.303571,3,2,0.0,3,1,2,1,good credit
0,0.294118,2,3,0.056784,2,3,1.0,2,1,0.333333,3,0.232143,3,2,0.0,2,0,1,1,bad credit
0,0.602941,0,9,0.636404,1,5,0.333333,1,1,1.0,3,0.178571,3,1,0.333333,3,0,1,1,bad credit
3,0.16176500000000002,3,3,0.067569,1,3,1.0,1,1,0.666667,1,0.25,1,2,0.333333,3,0,1,1,good credit
3,0.294118,2,3,0.09084400000000001,2,3,1.0,1,1,1.0,3,0.178571,3,1,0.0,4,0,2,1,good credit
0,0.058824,4,10,0.050292,1,5,0.666667,1,1,1.0,4,0.571429,1,3,0.333333,4,1,2,1,good credit
0,0.382353,2,2,0.15725799999999998,1,2,0.333333,1,1,1.0,2,0.214286,3,2,0.0,2,0,1,1,bad credit
3,0.294118,4,3,0.08809299999999999,1,4,1.0,1,3,0.333333,3,0.25,3,2,0.333333,3,0,2,1,good credit
3,0.117647,4,6,0.024816,1,3,1.0,1,1,0.333333,3,0.232143,3,2,0.333333,3,0,1,1,good credit
1,0.117647,2,0,0.032244,2,2,1.0,2,1,0.333333,2,0.07142899999999999,1,2,0.0,2,0,1,1,bad credit
0,0.117647,2,2,0.056784,1,3,0.333333,2,1,1.0,3,0.017856999999999998,3,1,0.0,3,0,1,1,bad credit
1,0.647059,0,9,0.77974,1,3,0.333333,1,1,0.333333,3,0.107143,3,2,0.0,3,0,2,1,bad credit
1,0.117647,4,0,0.158138,1,2,0.0,1,1,0.666667,1,0.535714,1,2,0.333333,2,1,1,1,good credit
0,0.294118,2,2,0.164191,1,2,1.0,2,1,1.0,1,0.07142899999999999,3,1,0.0,2,0,2,1,bad credit
1,0.294118,2,0,0.060801,1,2,0.666667,2,1,1.0,3,0.107143,3,2,0.0,2,0,2,1,bad credit
0,0.647059,4,1,0.324254,1,5,1.0,2,1,1.0,4,0.696429,2,3,0.333333,2,0,1,1,bad credit
0,0.294118,2,0,0.052658,1,2,1.0,2,1,1.0,2,0.089286,3,1,0.0,3,0,1,1,bad credit
3,0.470588,2,9,0.393914,5,5,0.666667,1,1,0.333333,2,0.321429,3,2,0.333333,3,0,1,1,good credit
3,0.294118,2,3,0.164246,3,5,0.666667,1,1,0.333333,3,0.125,3,2,0.0,4,0,2,1,good credit
0,0.470588,4,1,0.516067,1,4,1.0,1,1,1.0,3,0.089286,3,2,0.333333,3,0,2,1,bad credit
3,0.8235290000000001,2,0,0.556619,1,5,0.333333,1,1,1.0,2,0.410714,3,2,0.0,4,0,2,1,good credit
3,0.205882,4,3,0.049466,4,3,1.0,1,1,0.666667,1,0.48214300000000004,3,2,0.333333,3,0,1,1,good credit
2,0.08823500000000001,2,0,0.203533,1,2,0.0,1,3,0.0,2,0.321429,3,2,0.0,2,1,1,1,good credit
0,0.294118,2,3,0.120447,1,2,1.0,2,1,1.0,1,0.28571399999999997,3,2,0.0,3,0,2,1,bad credit
3,0.470588,4,3,0.170133,5,5,1.0,1,1,0.333333,3,0.571429,3,2,0.0,3,0,2,1,good credit
0,0.205882,2,3,0.060251,1,3,1.0,1,1,0.666667,1,0.125,1,2,0.0,3,0,1,1,bad credit
3,0.147059,3,0,0.030373,1,3,1.0,1,1,0.333333,3,0.14285699999999998,3,2,0.333333,2,0,1,1,good credit
0,0.073529,2,3,0.061405999999999995,1,2,0.666667,2,1,1.0,2,0.053571,3,1,0.0,3,0,1,1,bad credit
1,0.382353,2,2,0.17557999999999999,2,3,0.333333,2,2,1.0,3,0.035713999999999996,3,1,0.0,3,0,1,1,bad credit
3,0.117647,2,2,0.048036,3,3,1.0,2,1,1.0,3,0.178571,3,1,0.0,2,0,1,1,bad credit
1,0.338235,3,1,0.31446,1,5,0.0,1,1,0.333333,3,0.196429,3,2,0.333333,4,0,2,1,good credit
1,0.470588,3,0,0.108672,1,5,1.0,1,1,1.0,4,0.678571,1,3,0.333333,3,0,2,1,bad credit
1,0.470588,2,6,0.11131300000000001,1,4,0.666667,1,1,0.0,3,0.232143,3,2,0.333333,3,1,1,1,good credit
0,0.294118,3,3,0.077528,1,2,1.0,2,1,0.333333,3,0.178571,3,1,0.0,2,0,2,1,bad credit
1,0.117647,2,3,0.067899,5,3,0.333333,1,1,0.0,1,0.107143,3,2,0.0,3,0,2,1,bad credit
3,0.029412,1,0,0.029327999999999996,5,3,0.0,1,3,0.333333,1,0.125,2,2,0.0,2,1,1,1,good credit
1,0.338235,2,9,0.20166199999999998,1,3,1.0,1,1,0.333333,3,0.303571,3,2,0.0,3,1,2,1,bad credit
0,0.117647,2,2,0.055684000000000004,5,5,0.333333,1,1,1.0,2,0.535714,3,2,0.0,2,0,2,1,good credit
1,0.205882,4,9,0.090074,5,3,1.0,1,1,1.0,1,0.16071400000000002,1,2,0.333333,3,0,1,1,good credit
3,0.029412,2,3,0.102234,1,4,0.333333,1,1,0.333333,1,0.178571,3,1,0.0,3,0,1,1,good credit
0,0.647059,4,1,0.324254,1,5,1.0,2,1,1.0,4,0.696429,2,3,0.333333,2,0,1,1,bad credit
1,0.294118,2,3,0.145593,2,2,0.333333,1,1,0.0,3,0.178571,3,2,0.0,3,0,1,1,good credit
2,0.382353,4,3,0.187411,5,5,1.0,1,1,1.0,2,0.535714,2,2,0.333333,2,0,1,1,good credit
0,0.029412,4,2,0.08924800000000001,1,1,1.0,1,1,1.0,4,0.303571,3,3,0.666667,4,0,2,1,good credit
0,0.647059,2,9,0.223286,1,2,0.666667,2,1,1.0,2,0.089286,3,1,0.0,3,0,1,1,bad credit
1,0.073529,2,3,0.07813400000000001,1,2,1.0,2,1,0.333333,3,0.053571,3,2,0.0,3,0,2,1,bad credit
1,0.205882,2,2,0.09211,5,2,1.0,2,1,0.666667,1,0.14285699999999998,3,1,0.0,3,0,1,1,bad credit
3,0.25,2,3,0.160119,5,5,1.0,1,1,0.666667,2,0.392857,3,2,0.0,3,0,2,1,good credit
0,0.294118,2,3,0.056784,2,3,1.0,2,1,0.333333,3,0.232143,3,2,0.0,2,0,1,1,bad credit
3,0.117647,2,0,0.089909,1,5,1.0,1,1,1.0,3,0.357143,3,2,0.0,4,0,2,1,good credit
3,0.514706,2,1,0.1276,3,3,1.0,1,1,1.0,3,0.089286,3,2,0.0,3,0,1,1,good credit
1,0.8235290000000001,3,3,0.39441,5,3,0.0,1,1,0.0,1,0.14285699999999998,3,2,0.0,2,0,1,1,good credit
0,0.205882,2,4,0.053208000000000005,1,3,1.0,1,1,0.666667,1,0.5,3,2,0.0,2,0,2,1,bad credit
2,0.08823500000000001,2,0,0.054473,2,5,0.0,2,1,1.0,4,0.517857,3,3,0.0,2,1,1,1,bad credit
0,0.294118,1,2,0.170518,3,2,1.0,1,1,1.0,4,0.196429,3,3,0.0,3,1,2,1,bad credit
0,0.647059,2,9,0.223286,1,2,0.666667,2,1,1.0,2,0.089286,3,1,0.0,3,0,1,1,bad credit
3,0.470588,3,1,0.478541,5,4,0.666667,1,1,0.333333,3,0.214286,2,2,0.0,4,1,2,1,good credit
0,0.382353,0,9,0.43039499999999997,5,2,0.333333,1,1,0.666667,3,0.107143,1,2,0.666667,3,0,1,1,good credit
3,0.117647,4,3,0.039947,5,5,1.0,1,1,1.0,3,0.28571399999999997,3,2,0.333333,3,0,1,1,good credit
3,0.117647,4,6,0.024816,1,3,1.0,1,1,0.333333,3,0.232143,3,2,0.333333,3,0,1,1,good credit
3,0.470588,2,0,0.155662,5,3,1.0,1,1,1.0,1,0.303571,3,2,0.0,3,0,1,1,good credit
3,0.294118,3,1,0.2437,1,4,0.666667,1,1,0.666667,3,0.28571399999999997,3,2,0.333333,2,0,2,1,good credit
1,0.647059,2,3,0.31369,1,3,0.333333,2,1,0.333333,1,0.053571,3,2,0.0,3,0,1,1,bad credit
3,0.117647,4,6,0.024816,1,3,1.0,1,1,0.333333,3,0.232143,3,2,0.333333,3,0,1,1,good credit
3,0.102941,4,3,0.049741,2,1,1.0,2,1,1.0,1,0.678571,3,2,0.666667,2,0,1,1,good credit
3,0.08823500000000001,2,6,0.026246,3,5,1.0,1,1,1.0,4,0.48214300000000004,3,3,0.0,3,0,2,1,good credit
1,0.470588,0,9,0.093705,1,5,1.0,1,1,1.0,4,0.75,3,3,0.0,4,0,2,1,bad credit
3,0.294118,2,3,0.071641,1,4,0.666667,1,1,0.0,3,0.232143,1,2,0.0,3,1,1,1,good credit
0,0.25,3,6,0.174095,1,2,0.333333,1,1,0.0,2,0.125,3,2,0.333333,3,0,1,1,bad credit
3,0.382353,4,3,0.155552,5,5,0.666667,1,1,0.333333,3,0.375,3,2,0.333333,3,1,2,1,good credit
3,0.117647,2,3,0.10405,2,4,0.666667,1,1,0.0,4,0.28571399999999997,3,2,0.0,3,0,1,1,good credit
3,0.294118,2,9,0.238858,4,3,0.333333,1,1,0.666667,2,0.625,3,2,0.666667,4,0,2,1,bad credit
0,0.029412,4,3,0.004842,3,5,1.0,1,1,1.0,3,0.589286,3,2,0.333333,3,0,1,1,good credit
3,0.294118,2,0,0.192968,1,5,1.0,2,2,1.0,4,0.767857,3,3,0.0,3,0,2,1,good credit
0,0.117647,2,2,0.12804000000000001,1,3,0.333333,1,1,0.0,3,0.410714,3,2,0.0,3,0,1,1,good credit
3,0.117647,2,3,0.025146,1,3,1.0,1,1,0.333333,1,0.196429,1,2,0.333333,3,0,1,1,good credit
0,0.294118,2,2,0.11604500000000001,2,1,0.0,1,1,0.0,2,0.25,3,2,0.0,3,0,1,1,bad credit
0,0.470588,4,2,0.328986,1,2,1.0,2,2,1.0,4,0.07142899999999999,3,1,0.333333,2,0,2,1,bad credit
1,0.205882,4,9,0.183779,1,1,0.666667,1,1,0.666667,3,0.375,3,2,0.666667,1,1,2,1,good credit
1,0.470588,3,0,0.43116499999999996,2,5,0.333333,1,1,1.0,3,0.410714,3,2,1.0,4,0,2,1,bad credit
0,0.294118,2,1,0.140971,5,5,0.333333,2,1,1.0,1,0.125,3,1,0.0,3,0,1,1,good credit
0,0.205882,2,2,0.048476,1,1,1.0,2,1,0.333333,3,0.25,3,2,0.0,3,0,1,1,bad credit
1,0.117647,3,3,0.018433,1,3,1.0,1,2,1.0,1,0.017856999999999998,3,1,0.333333,3,0,1,1,good credit
0,0.338235,2,3,0.174205,1,3,0.666667,1,1,0.333333,3,0.14285699999999998,3,2,0.0,4,0,1,1,good credit
2,0.117647,4,0,0.037911,3,4,1.0,1,1,0.333333,1,0.16071400000000002,3,2,0.666667,3,0,2,1,bad credit
3,0.470588,4,0,0.418455,1,3,1.0,2,1,0.333333,1,0.107143,2,2,0.333333,3,0,2,1,bad credit
1,0.029412,3,2,0.044019,1,1,1.0,1,1,0.0,2,0.28571399999999997,2,2,0.333333,4,0,2,1,good credit
3,0.16176500000000002,4,2,0.06988,5,5,1.0,1,1,1.0,2,0.785714,3,2,0.0,3,0,1,1,good credit
1,0.16176500000000002,2,0,0.131011,2,3,0.333333,2,1,1.0,3,0.16071400000000002,3,1,0.333333,3,0,2,1,bad credit
1,0.117647,4,0,0.038957,1,4,0.333333,1,1,0.666667,1,0.5,3,2,0.333333,2,1,1,1,good credit
1,0.205882,2,9,0.13051600000000002,2,3,1.0,1,1,1.0,3,0.267857,3,2,0.0,3,0,1,1,good credit
2,0.08823500000000001,2,4,0.053648,1,3,0.333333,1,1,0.333333,3,0.321429,3,2,0.0,3,0,2,1,good credit
0,0.382353,2,5,0.646418,1,2,0.0,1,1,0.0,4,0.267857,3,2,0.0,2,0,2,1,bad credit
0,0.117647,2,2,0.183779,1,3,0.333333,1,2,0.333333,2,0.178571,3,2,0.0,2,1,1,1,good credit
3,0.073529,2,0,0.183064,2,3,0.0,1,3,0.333333,1,0.125,3,1,0.0,3,1,1,2,good credit
0,0.205882,1,3,0.09299,1,2,0.666667,1,2,1.0,4,0.303571,1,3,0.0,4,0,2,1,good credit
3,0.16176500000000002,2,1,0.057775,5,5,1.0,1,1,1.0,4,0.464286,1,3,0.0,3,1,1,1,good credit
1,0.205882,3,5,0.327611,1,3,0.333333,1,1,1.0,1,0.446429,3,2,0.0,2,1,2,1,good credit
2,0.294118,2,2,0.192528,1,2,0.333333,2,1,1.0,3,0.125,3,2,0.0,3,0,1,1,good credit
1,0.117647,4,0,0.038957,1,4,0.333333,1,1,0.666667,1,0.5,3,2,0.333333,2,1,1,1,good credit
0,0.294118,1,10,0.060966,5,5,1.0,1,1,0.666667,3,0.375,2,2,0.0,4,0,2,1,bad credit
0,0.382353,2,3,0.12501400000000001,1,5,0.0,1,3,0.666667,2,0.357143,3,2,0.0,3,1,1,1,good credit
0,0.382353,2,2,0.118631,1,4,1.0,2,1,1.0,1,0.07142899999999999,3,1,0.0,3,0,1,1,bad credit
1,0.16176500000000002,2,0,0.131011,2,3,0.333333,2,1,1.0,3,0.16071400000000002,3,1,0.333333,3,0,2,1,bad credit
0,0.426471,4,2,0.2218,3,3,0.0,2,1,1.0,3,0.07142899999999999,3,2,0.333333,3,0,1,1,bad credit
2,0.029412,4,0,0.05772000000000001,1,3,0.0,1,1,0.0,1,0.982143,3,2,0.666667,1,1,1,2,good credit
3,0.16176500000000002,4,2,0.170188,1,3,1.0,1,1,0.333333,4,0.16071400000000002,3,3,0.0,3,0,2,1,good credit
0,0.470588,4,2,0.281776,1,3,0.666667,1,3,0.333333,2,0.16071400000000002,3,2,0.333333,3,0,1,1,good credit
3,0.8235290000000001,2,0,0.556619,1,5,0.333333,1,1,1.0,2,0.410714,3,2,0.0,4,0,2,1,good credit
1,0.16176500000000002,1,0,0.055794,2,3,0.333333,1,1,0.333333,2,0.107143,3,1,0.0,3,0,1,1,bad credit
0,0.294118,2,0,0.052658,1,2,1.0,2,1,1.0,2,0.089286,3,1,0.0,3,0,1,1,bad credit
0,0.16176500000000002,2,0,0.204083,1,3,0.666667,2,1,0.333333,2,0.178571,3,2,0.0,3,0,2,1,bad credit
3,0.117647,2,0,0.089909,1,5,1.0,1,1,1.0,3,0.357143,3,2,0.0,4,0,2,1,good credit
3,0.647059,4,0,0.543469,3,3,0.333333,1,1,0.333333,4,0.446429,1,3,0.0,3,0,1,1,bad credit
3,0.073529,4,6,0.037745999999999995,3,5,1.0,1,1,0.333333,3,0.589286,3,2,0.333333,3,0,2,1,good credit
0,0.294118,0,2,0.212391,1,5,0.666667,1,1,1.0,4,0.07142899999999999,1,1,0.333333,3,1,1,1,bad credit
3,0.470588,4,1,0.30048400000000003,4,5,1.0,1,1,0.333333,3,0.33928600000000003,3,2,0.333333,4,0,2,1,good credit
0,0.294118,2,2,0.164191,1,2,1.0,2,1,1.0,1,0.07142899999999999,3,1,0.0,2,0,2,1,bad credit
1,0.029412,1,0,0.037471,2,2,0.0,2,1,0.0,2,0.232143,2,2,0.0,2,0,1,1,bad credit
3,0.352941,1,1,0.416749,5,2,0.666667,1,3,1.0,1,0.375,1,1,0.333333,3,1,2,1,good credit
3,0.25,4,2,0.11213800000000002,1,2,1.0,2,1,1.0,2,0.07142899999999999,3,2,0.0,3,0,2,1,good credit
1,0.294118,2,0,0.060801,1,2,0.666667,2,1,1.0,3,0.107143,3,2,0.0,2,0,2,1,bad credit
1,0.294118,4,9,0.09271499999999999,1,5,1.0,1,1,1.0,1,0.214286,3,2,0.333333,3,0,2,1,bad credit
0,0.205882,2,2,0.12171199999999999,1,3,0.333333,1,1,0.333333,3,0.053571,3,2,0.0,3,0,1,1,bad credit
3,0.470588,2,3,0.11274300000000001,3,5,1.0,1,1,1.0,3,0.357143,3,2,0.0,3,0,1,1,good credit
3,0.16176500000000002,2,3,0.095136,5,5,1.0,1,1,0.333333,3,0.28571399999999997,3,2,0.0,3,0,1,1,good credit
0,0.205882,4,5,0.051722000000000004,1,1,0.333333,2,1,1.0,4,0.642857,3,3,0.666667,1,1,1,1,bad credit
0,0.294118,2,2,0.11604500000000001,2,1,0.0,1,1,0.0,2,0.25,3,2,0.0,3,0,1,1,bad credit
0,0.294118,4,1,0.148949,1,5,1.0,1,1,1.0,2,0.785714,3,2,0.333333,3,0,2,1,good credit
3,0.205882,2,2,0.095411,1,3,1.0,1,1,1.0,4,0.5,1,3,0.333333,3,0,1,1,good credit
0,0.294118,2,2,0.08237,1,2,1.0,1,2,0.0,2,0.089286,3,2,0.0,2,0,1,2,good credit
1,0.338235,0,9,0.443931,1,5,0.333333,2,1,1.0,4,0.410714,3,3,0.333333,4,0,2,1,bad credit
3,0.205882,2,0,0.358259,5,3,0.333333,1,1,1.0,3,0.875,3,1,0.333333,3,0,1,1,bad credit
1,0.117647,2,3,0.046935000000000004,1,4,1.0,1,3,0.666667,1,0.178571,3,2,0.333333,3,0,1,2,good credit
1,0.147059,2,9,0.063827,3,5,0.0,1,1,0.333333,1,0.28571399999999997,3,2,0.0,3,0,2,1,good credit
1,0.294118,2,1,0.622318,1,3,0.0,2,1,1.0,3,0.07142899999999999,3,1,0.333333,4,0,1,1,bad credit
1,0.117647,2,2,0.138219,5,5,0.0,2,1,0.333333,2,0.107143,1,2,0.0,3,0,2,1,bad credit
3,0.294118,4,0,0.12176700000000001,2,4,1.0,1,1,0.666667,2,0.14285699999999998,3,2,0.333333,3,0,2,1,good credit
3,0.16176500000000002,4,3,0.061076,1,3,1.0,1,1,0.333333,2,0.214286,3,2,0.333333,3,0,1,1,good credit
1,0.647059,1,9,0.339276,1,5,1.0,2,1,0.666667,4,0.714286,3,1,0.0,3,0,1,1,bad credit
1,0.294118,3,2,0.099813,1,1,0.666667,2,1,0.333333,2,0.267857,3,2,0.0,4,0,2,1,bad credit
1,0.382353,4,0,0.27423800000000004,1,1,1.0,1,1,0.333333,3,0.16071400000000002,3,2,0.333333,4,0,1,1,bad credit
0,0.117647,2,0,0.187135,4,3,0.0,1,1,0.666667,2,0.214286,3,2,0.0,3,1,1,1,good credit
0,0.117647,1,3,0.020689,1,3,1.0,2,1,1.0,1,0.089286,1,2,0.0,2,0,1,1,bad credit
2,0.117647,1,9,0.019753,1,2,1.0,2,1,0.0,1,0.125,3,2,0.0,1,0,1,1,bad credit
1,0.029412,2,5,0.011225,1,2,0.666667,1,1,0.0,2,0.053571,3,2,0.0,2,0,1,1,good credit
1,0.058824,2,2,0.054308,1,3,0.666667,2,1,1.0,1,0.089286,3,2,0.0,3,0,1,1,bad credit
0,0.558824,2,3,0.380984,5,4,1.0,2,1,0.666667,3,0.196429,3,2,0.0,4,0,2,1,bad credit
0,0.16176500000000002,2,0,0.204083,1,3,0.666667,2,1,0.333333,2,0.178571,3,2,0.0,3,0,2,1,bad credit
1,0.205882,2,0,0.043579,5,3,1.0,2,1,0.333333,2,0.25,3,2,0.0,3,0,1,1,bad credit
0,0.117647,4,0,0.17877200000000001,1,3,0.666667,2,2,0.333333,1,0.178571,3,2,0.333333,3,0,1,1,bad credit
3,0.294118,2,3,0.31325,5,2,0.0,2,1,0.0,3,0.446429,3,2,0.333333,3,0,2,1,bad credit
3,0.073529,4,2,0.118631,1,1,0.333333,1,1,0.666667,3,0.214286,3,2,0.0,4,0,1,1,good credit
0,0.205882,4,2,0.10311400000000001,1,3,1.0,2,1,1.0,1,0.089286,3,1,0.333333,3,0,1,1,bad credit
3,0.470588,4,1,0.594476,5,3,1.0,1,1,0.333333,3,0.196429,3,2,0.0,4,0,2,1,good credit
0,0.294118,2,2,0.170298,1,5,1.0,1,1,0.333333,2,0.357143,3,1,0.0,4,0,2,1,bad credit
3,0.029412,2,2,0.150105,3,3,0.0,1,1,0.333333,3,0.232143,3,2,0.0,3,0,2,1,good credit
3,0.029412,4,0,0.358259,1,4,0.0,1,1,0.666667,4,0.464286,3,2,0.333333,4,1,2,1,good credit
1,0.117647,2,3,0.34213699999999997,5,1,0.333333,1,1,0.0,4,0.589286,3,2,0.0,4,0,2,1,bad credit
3,0.470588,4,9,0.333113,5,5,1.0,1,1,1.0,1,0.303571,3,2,0.333333,3,0,1,1,good credit
0,0.470588,3,6,0.365192,1,3,1.0,1,1,0.666667,2,0.178571,2,2,0.0,3,0,2,1,bad credit
2,0.16176500000000002,4,3,0.056179,5,3,0.666667,1,1,1.0,4,0.357143,3,3,0.333333,3,0,2,1,bad credit
2,0.117647,4,0,0.067679,3,1,0.333333,1,1,1.0,4,0.8392860000000001,1,3,0.666667,1,0,1,1,good credit
0,0.117647,0,0,0.04578,1,3,1.0,1,1,1.0,3,0.517857,1,2,0.333333,3,0,1,1,bad credit
1,0.117647,2,2,0.038572,2,2,1.0,2,1,1.0,3,0.14285699999999998,1,1,1.0,3,0,1,1,bad credit
3,0.8235290000000001,2,0,0.556619,1,5,0.333333,1,1,1.0,2,0.410714,3,2,0.0,4,0,2,1,good credit
2,0.294118,4,0,0.060196000000000006,5,4,1.0,1,1,0.333333,1,0.321429,1,2,0.333333,2,1,1,1,bad credit
0,0.602941,2,3,0.087763,1,3,1.0,1,1,1.0,4,0.07142899999999999,3,3,0.0,3,0,2,1,bad credit
2,0.073529,2,3,0.027237,1,3,0.666667,2,1,0.333333,1,0.16071400000000002,3,2,0.0,2,0,1,1,bad credit
0,0.294118,2,2,0.21563800000000002,1,3,1.0,1,1,1.0,2,0.16071400000000002,3,2,0.0,3,0,1,1,good credit
0,0.117647,2,6,0.029988,1,2,1.0,2,1,1.0,2,0.607143,3,2,0.0,3,0,1,1,bad credit
1,0.235294,0,1,0.32453000000000004,2,5,0.666667,1,1,1.0,3,0.214286,1,2,0.333333,3,0,2,1,good credit
2,0.073529,2,3,0.027237,1,3,0.666667,2,1,0.333333,1,0.16071400000000002,3,2,0.0,2,0,1,1,bad credit
0,0.647059,2,0,0.202542,1,4,1.0,1,1,1.0,4,0.48214300000000004,3,3,0.0,3,1,1,1,bad credit
0,0.352941,2,0,0.206669,1,3,0.666667,1,1,0.333333,3,0.464286,3,2,0.0,2,0,1,1,bad credit
3,0.294118,2,3,0.31325,5,2,0.0,2,1,0.0,3,0.446429,3,2,0.333333,3,0,2,1,bad credit
0,0.470588,2,0,0.165016,1,4,0.333333,1,1,1.0,4,0.357143,1,3,0.0,4,1,2,1,good credit
0,0.073529,2,0,0.064488,1,2,0.666667,1,1,0.333333,4,0.14285699999999998,3,3,0.0,4,0,2,1,bad credit
3,0.470588,2,2,0.590074,1,1,1.0,2,1,0.333333,3,0.125,3,2,0.333333,4,0,2,1,bad credit
2,0.08823500000000001,4,3,0.060361,5,4,1.0,1,1,0.333333,2,0.14285699999999998,3,2,0.333333,3,0,2,1,good credit
3,0.338235,2,0,0.127655,1,3,0.666667,2,1,0.666667,1,0.035713999999999996,3,1,0.0,3,0,1,1,bad credit
0,0.25,2,3,0.087213,1,3,0.666667,2,1,0.333333,1,0.107143,3,2,0.333333,3,0,2,1,bad credit
3,0.470588,0,5,0.130021,1,3,1.0,1,1,0.333333,3,0.14285699999999998,3,2,0.333333,3,0,1,1,good credit
3,0.294118,3,9,0.150105,5,3,1.0,1,1,1.0,1,0.232143,3,2,0.333333,3,1,2,1,good credit
1,0.073529,4,6,0.06883500000000001,1,5,0.333333,2,1,0.666667,3,0.267857,3,2,0.333333,4,0,2,1,bad credit
3,0.117647,4,0,0.050237000000000004,3,3,1.0,1,1,1.0,1,0.446429,3,2,0.0,3,0,2,1,good credit
0,0.294118,2,2,0.08237,1,2,1.0,1,2,0.0,2,0.089286,3,2,0.0,2,0,1,2,good credit
3,0.294118,2,3,0.31325,5,2,0.0,2,1,0.0,3,0.446429,3,2,0.333333,3,0,2,1,bad credit
1,0.647059,2,3,0.205183,5,4,1.0,1,1,0.0,3,0.392857,3,2,0.333333,3,1,2,1,good credit
0,0.205882,2,6,0.027512,1,1,1.0,2,1,0.0,1,0.14285699999999998,3,2,0.0,1,0,1,1,bad credit
3,0.117647,2,0,0.180313,5,2,0.333333,1,1,0.666667,2,0.464286,3,2,0.0,4,1,2,1,good credit
3,0.205882,4,0,0.07042999999999999,1,3,0.666667,1,1,0.333333,2,0.232143,1,2,0.333333,3,0,1,1,bad credit
3,0.294118,4,5,0.099483,1,3,1.0,1,1,0.333333,1,0.25,3,2,0.333333,3,0,2,1,good credit
1,0.382353,2,2,0.197095,1,2,0.333333,1,1,0.0,2,0.053571,3,2,0.0,3,0,1,1,good credit
3,0.117647,2,6,0.06289199999999999,1,5,1.0,1,1,1.0,2,0.5,1,2,0.666667,3,1,2,1,good credit
0,0.426471,4,2,0.2218,3,3,0.0,2,1,1.0,3,0.07142899999999999,3,2,0.333333,3,0,1,1,bad credit
3,0.16176500000000002,2,4,0.034335000000000004,5,2,1.0,2,1,0.0,1,0.089286,3,2,0.0,3,0,1,1,good credit
0,0.382353,2,2,0.335644,5,5,1.0,1,1,1.0,2,0.214286,3,2,0.0,3,0,1,1,bad credit
3,0.08823500000000001,4,0,0.053978,1,5,0.666667,1,1,1.0,1,0.232143,3,2,0.333333,2,1,1,2,good credit
1,0.117647,4,0,0.158138,1,2,0.0,1,1,0.666667,1,0.535714,1,2,0.333333,2,1,1,1,good credit
3,0.352941,1,1,0.416749,5,2,0.666667,1,3,1.0,1,0.375,1,1,0.333333,3,1,2,1,good credit
1,0.205882,3,5,0.327611,1,3,0.333333,1,1,1.0,1,0.446429,3,2,0.0,2,1,2,1,good credit
1,0.294118,4,10,0.643117,1,3,0.333333,1,2,0.666667,3,0.357143,3,2,0.333333,4,1,2,1,bad credit
0,0.470588,3,9,0.10427,1,4,0.333333,1,1,0.0,3,0.089286,3,2,0.333333,3,0,2,1,bad credit
3,0.117647,4,0,0.050237000000000004,3,3,1.0,1,1,1.0,1,0.446429,3,2,0.0,3,0,2,1,good credit
3,0.294118,4,3,0.06966,4,3,1.0,2,1,0.0,1,0.428571,3,2,0.333333,2,0,1,1,good credit
1,0.029412,2,3,0.045009,1,5,1.0,1,1,1.0,3,0.16071400000000002,3,2,0.0,3,1,1,1,good credit
0,0.117647,4,2,0.109827,1,5,0.666667,1,1,0.666667,2,0.732143,3,2,0.333333,3,0,1,1,bad credit
0,0.470588,2,10,0.8587540000000001,1,1,0.333333,1,2,0.666667,3,0.428571,3,2,0.0,4,0,1,1,good credit
3,0.117647,4,2,0.16952799999999998,1,5,0.333333,1,1,1.0,2,0.410714,2,2,0.0,3,0,1,1,good credit
1,0.132353,4,3,0.034775,1,2,1.0,1,3,1.0,1,0.07142899999999999,3,2,0.333333,3,0,1,1,good credit
0,0.294118,2,2,0.164191,1,2,1.0,2,1,1.0,1,0.07142899999999999,3,1,0.0,2,0,2,1,bad credit
1,0.647059,2,3,0.31369,1,3,0.333333,2,1,0.333333,1,0.053571,3,2,0.0,3,0,1,1,bad credit
1,0.205882,4,9,0.090074,5,3,1.0,1,1,1.0,1,0.16071400000000002,1,2,0.333333,3,0,1,1,good credit
3,0.117647,2,3,0.055684000000000004,1,3,0.666667,1,1,0.333333,3,0.107143,3,2,0.0,3,0,1,1,good credit
3,0.294118,2,2,0.142236,3,5,0.666667,1,1,1.0,2,0.607143,3,2,0.0,3,0,1,1,good credit
3,0.205882,2,3,0.099098,1,2,1.0,1,1,0.0,1,0.25,3,2,0.0,3,0,1,1,good credit
3,0.16176500000000002,2,4,0.055684000000000004,3,4,1.0,1,1,0.666667,2,0.303571,3,2,0.333333,3,0,2,1,good credit
1,0.205882,2,9,0.091504,4,2,0.666667,1,1,0.666667,1,0.303571,1,2,0.0,3,0,2,1,good credit
3,0.073529,2,0,0.183064,2,3,0.0,1,3,0.333333,1,0.125,3,1,0.0,3,1,1,2,good credit
3,0.294118,4,2,0.26961599999999997,1,5,1.0,1,1,1.0,3,0.25,3,2,0.0,3,0,2,1,good credit
1,0.117647,2,8,0.027732,5,5,1.0,1,1,1.0,2,0.33928600000000003,3,2,0.333333,3,0,1,1,good credit
1,0.8235290000000001,2,0,0.393859,2,2,1.0,2,1,0.333333,2,0.089286,3,2,0.0,4,0,1,1,bad credit
3,0.147059,3,0,0.030373,1,3,1.0,1,1,0.333333,3,0.14285699999999998,3,2,0.333333,2,0,1,1,good credit
1,0.117647,2,3,0.046935000000000004,1,4,1.0,1,3,0.666667,1,0.178571,3,2,0.333333,3,0,1,2,good credit
2,0.073529,0,3,0.059811,1,2,1.0,1,1,0.333333,3,0.267857,3,2,0.333333,4,0,2,1,bad credit
1,0.8235290000000001,1,10,0.799604,2,5,0.666667,2,1,1.0,4,0.732143,1,3,0.333333,4,0,2,1,bad credit
1,0.029412,3,2,0.044019,1,1,1.0,1,1,0.0,2,0.28571399999999997,2,2,0.333333,4,0,2,1,good credit
0,0.205882,4,5,0.051722000000000004,1,1,0.333333,2,1,1.0,4,0.642857,3,3,0.666667,1,1,1,1,bad credit
0,0.8235290000000001,2,9,0.387752,1,5,1.0,1,2,1.0,4,0.303571,3,1,0.0,3,0,1,1,bad credit
3,0.25,0,0,0.261527,5,3,0.0,2,1,1.0,2,0.178571,1,2,0.333333,3,0,2,1,bad credit
1,0.8235290000000001,3,3,0.39441,5,3,0.0,1,1,0.0,1,0.14285699999999998,3,2,0.0,2,0,1,1,good credit
3,0.16176500000000002,2,6,0.24061799999999997,2,3,0.666667,1,1,0.333333,2,0.375,3,2,0.0,4,0,2,1,bad credit
3,0.205882,4,3,0.320238,1,5,0.666667,1,1,1.0,3,0.25,3,2,0.333333,3,0,2,1,good credit
3,0.294118,3,9,0.1988,1,3,0.0,1,1,0.333333,4,0.232143,3,3,0.0,3,0,1,1,good credit
3,0.294118,2,2,0.154727,3,5,1.0,1,1,0.666667,4,0.232143,3,1,0.0,3,0,2,1,good credit
3,0.073529,2,3,0.067569,1,4,1.0,1,1,0.333333,3,0.053571,3,2,0.0,3,0,1,1,bad credit
0,0.117647,2,2,0.056784,1,3,0.333333,2,1,1.0,3,0.017856999999999998,3,1,0.0,3,0,1,1,bad credit
3,0.294118,3,9,0.116925,3,3,1.0,1,1,0.333333,3,0.446429,3,2,0.333333,3,1,2,1,good credit
1,0.205882,2,1,0.700231,1,1,0.666667,2,1,1.0,4,0.33928600000000003,3,3,0.0,4,0,2,1,bad credit
3,0.205882,2,3,0.067294,1,2,0.666667,1,1,1.0,1,0.357143,3,2,0.0,3,0,2,1,good credit
1,0.470588,4,0,0.14141099999999998,1,2,1.0,1,1,1.0,3,0.14285699999999998,3,2,0.333333,3,0,1,1,bad credit
0,0.205882,2,2,0.12171199999999999,1,3,0.333333,1,1,0.333333,3,0.053571,3,2,0.0,3,0,1,1,bad credit
3,0.294118,4,3,0.08809299999999999,1,4,1.0,1,3,0.333333,3,0.25,3,2,0.333333,3,0,2,1,good credit
3,0.073529,2,9,0.065973,1,4,0.666667,2,1,0.333333,3,0.14285699999999998,3,2,0.333333,3,0,1,1,good credit
0,0.117647,2,3,0.047155,1,3,0.333333,1,1,0.333333,1,0.017856999999999998,3,1,0.0,4,1,2,1,good credit
1,0.25,2,9,0.051612,1,5,0.333333,2,1,1.0,2,0.357143,3,2,0.0,3,1,1,1,bad credit
3,0.294118,2,3,0.174975,3,5,0.666667,1,1,0.333333,3,0.214286,3,2,0.0,3,1,2,1,good credit
2,0.294118,4,3,0.159459,5,3,0.666667,1,1,0.333333,3,0.214286,3,2,0.333333,3,0,2,1,good credit
3,0.25,3,1,0.15093,1,3,0.666667,1,1,0.333333,1,0.16071400000000002,2,2,0.333333,2,0,1,1,good credit
3,0.352941,4,3,0.137174,1,5,1.0,1,1,0.333333,3,0.178571,3,2,0.333333,3,0,1,1,good credit
0,0.8235290000000001,3,9,0.362386,1,5,0.666667,1,1,1.0,4,0.785714,3,2,0.333333,3,0,2,1,bad credit
3,0.558824,2,3,0.380544,5,4,0.333333,1,1,1.0,2,0.178571,3,1,0.0,3,0,2,1,good credit
0,0.117647,4,2,0.109827,1,5,0.666667,1,1,0.666667,2,0.732143,3,2,0.333333,3,0,1,1,bad credit
0,0.117647,2,2,0.056784,1,3,0.333333,2,1,1.0,3,0.017856999999999998,3,1,0.0,3,0,1,1,bad credit
1,0.647059,3,10,0.403433,2,1,0.333333,1,1,1.0,4,0.214286,3,3,0.0,4,0,2,1,good credit
0,0.294118,2,9,0.347639,1,3,0.333333,1,1,0.333333,3,0.035713999999999996,2,2,0.0,2,0,1,1,good credit
3,0.08823500000000001,2,1,0.142951,2,3,0.0,1,2,0.333333,1,0.232143,3,2,0.0,3,1,1,1,good credit
3,0.294118,2,2,0.142236,3,5,0.666667,1,1,1.0,2,0.607143,3,2,0.0,3,0,1,1,good credit
1,0.117647,2,0,0.023934999999999998,1,4,0.333333,1,1,0.666667,3,0.107143,1,2,0.0,2,0,1,1,bad credit
3,0.117647,2,2,0.083526,1,3,0.666667,1,1,0.333333,1,0.089286,3,1,0.0,2,0,1,1,good credit
1,0.470588,0,3,0.195554,1,3,1.0,2,1,0.0,3,0.410714,3,2,0.0,3,0,2,1,bad credit
1,0.647059,1,9,0.339276,1,5,1.0,2,1,0.666667,4,0.714286,3,1,0.0,3,0,1,1,bad credit
1,0.294118,2,1,0.13810899999999998,5,5,1.0,1,1,1.0,4,0.303571,1,3,0.0,3,0,2,1,good credit
3,0.16176500000000002,2,1,0.057775,5,5,1.0,1,1,1.0,4,0.464286,1,3,0.0,3,1,1,1,good credit
1,0.382353,0,9,0.22174499999999997,2,3,1.0,2,1,1.0,3,0.125,3,1,0.333333,2,0,1,1,bad credit
3,0.16176500000000002,2,0,0.181908,5,3,0.666667,1,1,0.333333,4,0.178571,3,2,0.0,3,0,1,1,good credit
1,0.16176500000000002,1,0,0.055794,2,3,0.333333,1,1,0.333333,2,0.107143,3,1,0.0,3,0,1,1,bad credit
3,0.470588,2,6,0.086332,1,3,1.0,1,1,1.0,4,0.321429,2,3,0.0,3,0,2,1,bad credit
0,0.558824,2,2,0.419941,1,4,0.333333,1,3,1.0,2,0.464286,3,3,0.0,3,1,1,1,good credit
1,0.647059,3,6,0.32871100000000003,1,5,1.0,1,1,1.0,4,0.553571,3,3,0.0,3,0,1,1,bad credit
0,0.029412,4,3,0.004842,3,5,1.0,1,1,1.0,3,0.589286,3,2,0.333333,3,0,1,1,good credit
0,0.073529,2,0,0.064488,1,2,0.666667,1,1,0.333333,4,0.14285699999999998,3,3,0.0,4,0,2,1,bad credit
0,0.205882,4,3,0.089689,1,4,1.0,1,1,0.0,2,0.232143,3,2,0.333333,4,0,2,1,good credit
0,0.117647,2,6,0.023880000000000002,1,3,1.0,1,1,1.0,3,0.375,3,1,0.0,2,1,1,1,bad credit
1,0.16176500000000002,2,5,0.058214999999999996,1,5,1.0,1,1,1.0,3,0.33928600000000003,3,2,0.333333,2,0,1,1,good credit
3,0.382353,3,9,0.22130500000000003,2,3,0.333333,1,1,0.333333,2,0.125,3,2,0.333333,2,0,1,1,good credit
1,0.647059,1,9,0.18245799999999998,2,4,1.0,1,1,0.333333,3,0.196429,3,2,0.0,3,0,1,1,good credit
1,0.073529,1,1,0.26846,1,5,0.333333,2,1,1.0,4,0.982143,1,3,0.0,4,1,2,1,bad credit
1,0.294118,2,2,0.155112,2,5,1.0,1,1,1.0,4,0.196429,3,3,0.0,3,0,1,1,good credit
3,0.08823500000000001,2,0,0.06426799999999999,2,3,0.666667,1,1,0.333333,1,0.28571399999999997,3,1,0.0,2,0,1,2,good credit
0,0.16176500000000002,2,4,0.056399,5,3,1.0,2,1,0.333333,3,0.089286,3,1,0.0,3,0,1,1,bad credit
0,0.117647,4,1,0.07021000000000001,1,5,1.0,1,1,1.0,4,0.8392860000000001,3,3,0.333333,4,0,1,1,good credit
3,0.205882,2,2,0.174535,1,5,1.0,1,1,1.0,2,0.5,1,2,0.666667,3,1,2,1,good credit
0,0.147059,2,0,0.48024700000000003,1,5,0.0,1,1,1.0,2,0.464286,3,2,0.0,4,0,2,2,bad credit
0,0.205882,4,2,0.10311400000000001,1,3,1.0,2,1,1.0,1,0.089286,3,1,0.333333,3,0,1,1,bad credit
1,0.470588,0,3,0.195554,1,3,1.0,2,1,0.0,3,0.410714,3,2,0.0,3,0,2,1,bad credit
0,0.117647,0,0,0.04578,1,3,1.0,1,1,1.0,3,0.517857,1,2,0.333333,3,0,1,1,bad credit
1,0.470588,3,0,0.14372200000000002,2,5,1.0,1,1,0.666667,4,0.196429,3,3,0.0,3,0,1,1,good credit
0,0.205882,2,3,0.16177,1,3,0.333333,2,1,0.333333,1,0.089286,3,2,0.0,3,0,1,1,bad credit
1,0.647059,2,10,0.282326,5,1,0.666667,1,1,1.0,4,0.375,1,3,0.0,1,0,2,1,good credit
1,0.205882,0,0,0.111588,2,2,0.666667,2,1,0.666667,3,0.16071400000000002,3,2,0.333333,3,0,1,1,bad credit
1,0.647059,3,10,0.403433,2,1,0.333333,1,1,1.0,4,0.214286,3,3,0.0,4,0,2,1,good credit
3,0.470588,2,9,0.393914,5,5,0.666667,1,1,0.333333,2,0.321429,3,2,0.333333,3,0,1,1,good credit
1,0.029412,1,6,0.010069,4,2,1.0,2,1,0.333333,2,0.089286,1,1,0.0,3,1,1,1,bad credit
1,0.117647,2,0,0.096401,1,4,0.666667,1,1,1.0,2,0.196429,3,1,0.0,3,1,2,1,good credit
1,0.294118,2,0,0.060801,1,2,0.666667,2,1,1.0,3,0.107143,3,2,0.0,2,0,2,1,bad credit
0,0.602941,2,3,0.087763,1,3,1.0,1,1,1.0,4,0.07142899999999999,3,3,0.0,3,0,2,1,bad credit
1,0.338235,0,9,0.443931,1,5,0.333333,2,1,1.0,4,0.410714,3,3,0.333333,4,0,2,1,bad credit
3,0.117647,4,2,0.07384199999999999,4,4,0.666667,2,1,0.333333,2,0.28571399999999997,3,2,0.0,3,0,1,2,good credit
0,0.294118,2,0,0.056949,5,4,1.0,2,1,1.0,4,0.232143,3,1,0.0,3,0,1,1,bad credit
0,0.647059,2,9,0.223286,1,2,0.666667,2,1,1.0,2,0.089286,3,1,0.0,3,0,1,1,bad credit
1,0.470588,2,3,0.133212,2,3,1.0,2,2,1.0,4,0.553571,3,3,0.0,3,0,1,1,bad credit
0,0.294118,1,0,0.051887,1,1,0.0,2,2,1.0,4,0.178571,3,1,0.333333,1,0,1,1,bad credit
3,0.470588,4,0,0.180753,1,4,1.0,1,1,1.0,3,0.321429,3,2,0.333333,3,0,2,1,good credit
0,0.029412,2,3,0.131892,3,3,0.333333,1,1,0.666667,1,0.446429,3,1,0.0,3,1,1,1,good credit
1,0.117647,2,0,0.0575,1,2,0.666667,2,1,0.0,3,0.107143,3,1,0.0,3,0,1,1,bad credit
0,0.147059,2,0,0.48024700000000003,1,5,0.0,1,1,1.0,2,0.464286,3,2,0.0,4,0,2,2,bad credit
1,0.117647,2,1,0.097832,5,3,1.0,1,1,0.333333,3,0.196429,3,2,0.0,3,0,1,1,good credit
3,0.470588,2,2,0.170518,1,3,1.0,2,1,0.333333,3,0.16071400000000002,3,2,0.0,4,0,2,1,bad credit
3,0.0,4,3,0.071201,1,4,0.333333,1,1,0.0,1,0.410714,3,2,0.666667,2,1,1,1,good credit
3,0.029412,4,3,0.090679,5,3,0.0,1,1,0.333333,1,0.267857,3,2,0.333333,2,1,1,1,good credit
0,0.470588,2,10,0.8587540000000001,1,1,0.333333,1,2,0.666667,3,0.428571,3,2,0.0,4,0,1,1,good credit
3,0.073529,4,6,0.037745999999999995,3,5,1.0,1,1,0.333333,3,0.589286,3,2,0.333333,3,0,2,1,good credit
3,0.294118,4,2,0.097832,1,4,0.333333,1,1,0.333333,2,0.196429,3,2,0.333333,2,0,1,1,good credit
0,0.382353,2,2,0.15725799999999998,1,2,0.333333,1,1,1.0,2,0.214286,3,2,0.0,2,0,1,1,bad credit
1,0.16176500000000002,2,3,0.030373,1,5,1.0,1,1,0.666667,3,0.321429,3,2,0.0,3,1,1,1,bad credit
1,0.117647,2,2,0.138219,5,5,0.0,2,1,0.333333,2,0.107143,1,2,0.0,3,0,2,1,bad credit
0,0.029412,4,0,0.061131,1,2,0.333333,1,1,1.0,1,0.375,3,2,0.0,2,1,1,2,good credit
3,0.029412,3,9,0.08215,2,3,0.0,1,1,0.333333,1,0.267857,3,2,0.333333,2,0,1,1,good credit
1,0.294118,3,9,0.369594,2,4,1.0,1,1,1.0,3,0.303571,3,1,0.0,4,0,2,1,good credit
3,0.470588,2,3,0.11274300000000001,3,5,1.0,1,1,1.0,3,0.357143,3,2,0.0,3,0,1,1,good credit
1,0.338235,4,3,0.124904,3,3,1.0,1,1,0.333333,2,0.07142899999999999,3,2,0.333333,2,0,1,1,bad credit
3,0.117647,2,0,0.143557,5,1,1.0,1,1,1.0,4,0.33928600000000003,3,2,0.0,4,0,2,1,good credit
0,0.470588,4,2,0.328986,1,2,1.0,2,2,1.0,4,0.07142899999999999,3,1,0.333333,2,0,2,1,bad credit
1,0.382353,4,0,0.22004,1,1,1.0,1,1,0.333333,3,0.16071400000000002,3,2,0.333333,4,0,1,1,bad credit
3,0.029412,0,0,0.052493,2,3,1.0,1,1,0.0,4,0.28571399999999997,1,1,0.0,3,0,1,2,good credit
3,0.117647,2,0,0.143557,5,1,1.0,1,1,1.0,4,0.33928600000000003,3,2,0.0,4,0,2,1,good credit
0,0.117647,1,8,0.004897,1,5,1.0,1,1,0.0,3,0.464286,1,2,0.0,2,0,1,1,good credit
1,0.073529,2,0,0.071476,5,2,1.0,1,1,0.333333,1,0.28571399999999997,3,2,0.0,1,0,1,1,good credit
2,0.16176500000000002,2,6,0.09106399999999999,1,5,1.0,1,1,1.0,3,0.375,3,1,0.0,4,0,2,1,good credit
0,0.294118,2,2,0.164191,1,2,1.0,2,1,1.0,1,0.07142899999999999,3,1,0.0,2,0,2,1,bad credit
3,0.117647,2,9,0.04545,1,3,0.333333,1,1,0.333333,1,0.125,3,2,0.0,3,0,2,2,good credit
3,0.029412,1,0,0.029327999999999996,5,3,0.0,1,3,0.333333,1,0.125,2,2,0.0,2,1,1,1,good credit
0,0.16176500000000002,2,0,0.204083,1,3,0.666667,2,1,0.333333,2,0.178571,3,2,0.0,3,0,2,1,bad credit
0,0.205882,4,0,0.204468,1,5,0.0,2,1,1.0,1,0.25,1,1,0.666667,3,0,2,1,bad credit
3,0.647059,4,3,0.183119,5,5,1.0,1,1,0.0,1,0.5,3,2,0.0,3,0,2,1,good credit
1,0.132353,2,3,0.101849,1,2,0.333333,2,3,1.0,2,0.07142899999999999,3,2,0.0,2,0,1,1,good credit
3,0.470588,4,0,0.180753,1,4,1.0,1,1,1.0,3,0.321429,3,2,0.333333,3,0,2,1,good credit
2,0.08823500000000001,2,2,0.056399,1,2,1.0,2,1,0.333333,2,0.07142899999999999,3,2,0.0,3,0,1,1,good credit
0,0.470588,4,6,0.43001000000000006,1,3,0.666667,2,1,0.333333,4,0.107143,3,2,0.333333,4,0,2,1,bad credit
0,0.073529,2,0,0.02223,1,3,1.0,1,1,0.666667,3,0.16071400000000002,3,2,0.0,2,0,1,1,bad credit
1,0.735294,0,9,0.8635959999999999,1,2,0.666667,1,1,1.0,4,0.696429,3,1,0.0,3,0,2,1,bad credit
3,0.294118,4,3,0.119621,5,5,1.0,1,1,1.0,2,0.607143,3,2,0.333333,3,0,1,1,good credit
2,0.294118,2,2,0.092165,1,3,0.333333,1,1,0.333333,1,0.125,3,2,0.0,3,0,1,1,good credit
1,0.25,3,0,0.11571500000000001,1,3,0.0,1,1,1.0,2,0.5,3,2,0.333333,3,0,1,1,good credit
1,0.08823500000000001,2,0,0.388357,1,1,0.333333,1,1,1.0,4,0.9107139999999999,1,3,0.0,4,0,2,1,good credit
3,0.16176500000000002,2,6,0.24061799999999997,2,3,0.666667,1,1,0.333333,2,0.375,3,2,0.0,4,0,2,1,bad credit
0,0.029412,4,0,0.245736,5,2,0.0,1,1,0.666667,1,0.446429,3,2,0.333333,2,1,1,1,good credit
2,0.470588,2,3,0.201552,1,3,0.333333,1,1,0.333333,1,0.07142899999999999,3,2,0.0,3,0,2,1,good credit
3,0.647059,2,9,0.20160699999999998,5,3,1.0,1,1,0.333333,1,0.33928600000000003,1,2,0.0,3,0,1,1,bad credit
3,0.117647,2,3,0.06839400000000001,1,2,1.0,2,1,0.666667,3,0.267857,3,2,0.0,3,1,1,1,good credit
3,0.294118,4,9,0.21398699999999998,2,3,0.666667,1,1,0.666667,2,0.14285699999999998,3,2,0.333333,2,0,2,1,good credit
0,0.470588,3,6,0.365192,1,3,1.0,1,1,0.666667,2,0.178571,2,2,0.0,3,0,2,1,bad credit
3,0.470588,4,3,0.170133,5,5,1.0,1,1,0.333333,3,0.571429,3,2,0.0,3,0,2,1,good credit
0,0.117647,2,3,0.026246,2,2,1.0,1,1,0.666667,4,0.25,3,2,0.0,2,0,2,1,bad credit
0,0.647059,2,0,0.202542,1,4,1.0,1,1,1.0,4,0.48214300000000004,3,3,0.0,3,1,1,1,bad credit
3,0.25,3,9,0.12820499999999999,3,2,1.0,1,1,0.333333,1,0.392857,1,2,0.0,2,1,1,1,bad credit
0,0.117647,2,0,0.053813,1,3,1.0,2,1,0.333333,1,0.089286,3,2,0.0,2,0,1,1,bad credit
3,0.029412,4,0,0.006163,2,3,1.0,2,1,1.0,3,0.589286,3,2,0.333333,2,0,1,1,good credit
3,0.205882,2,5,0.093155,1,2,1.0,2,1,1.0,1,0.07142899999999999,3,2,0.0,3,0,1,1,bad credit
1,0.16176500000000002,0,0,0.084076,1,2,0.333333,2,1,0.0,1,0.125,3,1,0.333333,1,0,1,1,bad credit
3,0.25,3,9,0.12820499999999999,3,2,1.0,1,1,0.333333,1,0.392857,1,2,0.0,2,1,1,1,bad credit
1,0.294118,2,0,0.060801,1,2,0.666667,2,1,1.0,3,0.107143,3,2,0.0,2,0,2,1,bad credit
3,0.25,4,0,0.683944,5,5,1.0,1,1,1.0,4,0.196429,3,3,0.0,4,0,2,1,bad credit
0,0.073529,2,0,0.064488,1,2,0.666667,1,1,0.333333,4,0.14285699999999998,3,3,0.0,4,0,2,1,bad credit
3,0.294118,2,2,0.154727,3,5,1.0,1,1,0.666667,4,0.232143,3,1,0.0,3,0,2,1,good credit
1,0.8235290000000001,2,0,0.393859,2,2,1.0,2,1,0.333333,2,0.089286,3,2,0.0,4,0,1,1,bad credit
0,0.205882,2,2,0.12171199999999999,1,3,0.333333,1,1,0.333333,3,0.053571,3,2,0.0,3,0,1,1,bad credit
2,0.294118,4,9,0.056399,4,3,0.333333,1,1,1.0,1,0.303571,3,2,0.333333,3,0,2,1,good credit
1,0.294118,4,10,0.643117,1,3,0.333333,1,2,0.666667,3,0.357143,3,2,0.333333,4,1,2,1,bad credit
0,0.117647,2,2,0.12804000000000001,1,3,0.333333,1,1,0.0,3,0.410714,3,2,0.0,3,0,1,1,good credit
0,0.205882,2,2,0.048476,1,1,1.0,2,1,0.333333,3,0.25,3,2,0.0,3,0,1,1,bad credit
3,0.470588,4,0,0.350171,1,5,1.0,1,1,1.0,3,0.267857,3,2,0.333333,4,0,2,1,good credit
0,0.205882,2,3,0.16177,1,3,0.333333,2,1,0.333333,1,0.089286,3,2,0.0,3,0,1,1,bad credit
1,0.470588,0,3,0.195554,1,3,1.0,2,1,0.0,3,0.410714,3,2,0.0,3,0,2,1,bad credit
3,0.0,4,3,0.071201,1,4,0.333333,1,1,0.0,1,0.410714,3,2,0.666667,2,1,1,1,good credit
1,0.25,3,0,0.11571500000000001,1,3,0.0,1,1,1.0,2,0.5,3,2,0.333333,3,0,1,1,good credit
3,0.029412,3,9,0.08215,2,3,0.0,1,1,0.333333,1,0.267857,3,2,0.333333,2,0,1,1,good credit
3,0.073529,2,0,0.183064,2,3,0.0,1,3,0.333333,1,0.125,3,1,0.0,3,1,1,2,good credit
3,0.294118,2,3,0.09084400000000001,2,3,1.0,1,1,1.0,3,0.178571,3,1,0.0,4,0,2,1,good credit
0,0.117647,2,3,0.047155,1,3,0.333333,1,1,0.333333,1,0.017856999999999998,3,1,0.0,4,1,2,1,good credit
3,0.117647,2,0,0.06250700000000001,3,3,0.333333,2,1,0.333333,2,0.125,3,2,0.0,3,0,1,1,bad credit
3,0.205882,2,0,0.086387,1,3,0.333333,1,1,0.333333,2,0.196429,3,2,0.0,4,0,2,1,good credit
2,0.294118,2,2,0.145373,1,5,0.666667,1,1,1.0,4,0.571429,3,3,0.0,3,0,1,1,good credit
0,0.117647,2,0,0.056344000000000005,1,2,0.666667,2,1,0.0,1,0.321429,3,2,0.0,2,0,1,1,bad credit
1,0.117647,0,2,0.149609,1,2,1.0,2,1,0.666667,2,0.107143,3,1,0.333333,3,0,1,1,bad credit
1,0.073529,2,3,0.011445,1,3,1.0,1,1,0.666667,1,0.089286,3,2,0.0,3,0,1,1,good credit
3,0.205882,4,2,0.194234,1,2,0.666667,1,1,0.333333,3,0.28571399999999997,3,2,0.333333,4,0,2,1,good credit
1,0.25,4,2,0.137284,4,4,0.666667,1,1,0.333333,3,0.232143,3,2,0.333333,3,0,2,1,good credit
1,0.205882,2,1,0.700231,1,1,0.666667,2,1,1.0,4,0.33928600000000003,3,3,0.0,4,0,2,1,bad credit
1,0.382353,3,3,0.091834,2,2,1.0,1,1,0.666667,4,0.196429,2,2,0.333333,4,0,1,1,bad credit
3,0.073529,2,0,0.183064,2,3,0.0,1,3,0.333333,1,0.125,3,1,0.0,3,1,1,2,good credit
1,0.117647,2,5,0.021404,1,3,1.0,1,1,0.333333,3,0.196429,3,2,0.0,3,0,1,1,bad credit
0,0.117647,2,2,0.419005,1,5,1.0,1,1,1.0,4,0.607143,3,3,0.0,4,0,2,1,bad credit
0,0.205882,2,2,0.098437,1,3,0.0,2,1,1.0,1,0.017856999999999998,1,1,0.0,3,0,1,1,bad credit
3,0.16176500000000002,4,3,0.06718400000000001,1,3,1.0,1,1,1.0,4,0.28571399999999997,3,3,0.333333,3,0,2,1,good credit
2,0.029412,4,0,0.059039999999999995,2,5,0.333333,1,1,1.0,3,0.16071400000000002,3,2,0.333333,3,1,2,1,good credit
0,0.117647,4,1,0.07021000000000001,1,5,1.0,1,1,1.0,4,0.8392860000000001,3,3,0.333333,4,0,1,1,good credit
3,0.117647,4,0,0.068504,1,5,1.0,1,1,0.0,1,0.33928600000000003,3,2,0.333333,2,1,1,1,good credit
1,0.647059,2,3,0.205183,5,4,1.0,1,1,0.0,3,0.392857,3,2,0.333333,3,1,2,1,good credit
1,0.117647,4,0,0.038957,1,4,0.333333,1,1,0.666667,1,0.5,3,2,0.333333,2,1,1,1,good credit
3,0.117647,2,3,0.025146,1,3,1.0,1,1,0.333333,1,0.196429,1,2,0.333333,3,0,1,1,good credit
0,0.117647,0,3,0.327336,1,3,1.0,1,1,0.333333,2,0.16071400000000002,3,1,0.333333,3,0,2,1,bad credit
3,0.205882,4,0,0.138935,1,4,0.333333,1,1,0.333333,2,0.214286,1,2,0.333333,3,0,1,1,bad credit
0,0.205882,2,0,0.109992,2,4,1.0,1,1,0.666667,3,0.196429,3,2,0.0,4,1,2,1,good credit
0,0.205882,2,2,0.048476,1,1,1.0,2,1,0.333333,3,0.25,3,2,0.0,3,0,1,1,bad credit
3,0.029412,0,3,0.009684,1,5,1.0,1,1,1.0,3,0.357143,3,2,0.0,2,0,1,1,good credit
3,0.470588,4,9,0.333113,5,5,1.0,1,1,1.0,1,0.303571,3,2,0.333333,3,0,1,1,good credit
0,0.117647,4,0,0.024265000000000002,1,5,1.0,1,1,0.666667,2,0.28571399999999997,3,2,0.333333,3,0,1,1,bad credit
1,0.294118,3,3,0.07169600000000001,2,4,0.666667,2,1,0.333333,2,0.07142899999999999,3,1,0.333333,3,0,2,1,good credit
0,0.16176500000000002,2,4,0.056399,5,3,1.0,2,1,0.333333,3,0.089286,3,1,0.0,3,0,1,1,bad credit
3,0.25,4,1,0.166447,1,5,0.0,1,1,1.0,3,0.303571,3,2,0.0,4,0,2,1,good credit
3,0.205882,2,3,0.010069,1,1,0.666667,2,2,1.0,1,0.053571,3,1,0.0,3,0,1,1,bad credit
1,0.294118,2,0,0.060801,1,2,0.666667,2,1,1.0,3,0.107143,3,2,0.0,2,0,2,1,bad credit
0,0.294118,1,2,0.122868,3,3,1.0,1,1,1.0,1,0.053571,2,2,0.0,3,0,2,1,good credit
2,0.08823500000000001,2,0,0.054473,2,5,0.0,2,1,1.0,4,0.517857,3,3,0.0,2,1,1,1,bad credit
3,0.382353,4,1,0.404204,5,5,0.0,1,1,1.0,3,0.785714,3,2,0.333333,3,0,1,1,good credit
3,0.647059,2,9,0.252779,1,1,0.666667,1,1,0.333333,3,0.25,1,1,0.0,4,0,2,1,bad credit
0,0.294118,3,3,0.042588,1,2,1.0,1,1,1.0,1,0.517857,2,2,0.0,3,0,1,1,bad credit
3,0.294118,4,5,0.289259,1,5,0.666667,1,1,1.0,4,0.446429,3,3,0.333333,3,0,1,1,good credit
1,0.205882,4,3,0.054749,1,3,1.0,1,1,0.333333,3,0.25,3,2,0.0,3,0,1,1,bad credit
1,0.117647,2,2,0.038572,2,2,1.0,2,1,1.0,3,0.14285699999999998,1,1,1.0,3,0,1,1,bad credit
0,0.117647,4,0,0.17877200000000001,1,3,0.666667,2,2,0.333333,1,0.178571,3,2,0.333333,3,0,1,1,bad credit
3,0.029412,2,3,0.074007,1,4,0.666667,1,1,0.333333,2,0.571429,3,2,0.0,3,1,1,1,good credit
0,0.117647,2,2,0.055684000000000004,5,5,0.333333,1,1,1.0,2,0.535714,3,2,0.0,2,0,2,1,good credit
1,0.117647,2,3,0.049961,3,3,0.666667,1,1,0.0,3,0.125,3,2,0.0,3,0,2,1,good credit
1,0.647059,3,9,0.35385700000000003,5,3,1.0,1,1,1.0,4,0.33928600000000003,3,3,0.0,3,1,2,1,good credit
3,0.205882,2,0,0.086387,1,3,0.333333,1,1,0.333333,2,0.196429,3,2,0.0,4,0,2,1,good credit
3,0.294118,4,3,0.133928,1,3,1.0,1,1,0.333333,1,0.28571399999999997,3,2,0.333333,2,0,1,1,good credit
0,0.205882,1,2,0.07169600000000001,1,3,1.0,1,1,0.666667,3,0.446429,1,2,0.0,3,0,1,1,bad credit
0,0.647059,2,6,0.39760100000000004,1,4,1.0,1,1,0.0,4,0.553571,3,3,0.0,4,0,2,1,good credit
3,0.25,2,2,0.109552,1,5,1.0,1,1,0.333333,1,0.553571,3,2,0.333333,3,0,1,1,good credit
2,0.08823500000000001,2,4,0.053648,1,3,0.333333,1,1,0.333333,3,0.321429,3,2,0.0,3,0,2,1,good credit
1,0.8235290000000001,2,6,0.332233,1,3,1.0,1,1,1.0,4,0.410714,3,3,0.0,3,0,1,1,bad credit
3,0.205882,2,3,0.010069,1,1,0.666667,2,2,1.0,1,0.053571,3,1,0.0,3,0,1,1,bad credit
3,0.029412,2,3,0.06030599999999999,2,5,0.333333,1,1,1.0,4,0.410714,1,3,0.0,3,1,2,1,good credit
1,0.470588,4,3,0.11483399999999999,1,5,1.0,1,1,1.0,1,0.303571,3,2,0.0,3,0,1,1,good credit
1,0.294118,2,0,0.135798,1,3,0.666667,2,1,1.0,2,0.017856999999999998,3,1,0.0,2,0,2,1,bad credit
3,0.205882,2,3,0.066193,1,2,0.666667,2,1,0.0,1,0.125,3,2,0.0,3,0,1,1,good credit
0,0.382353,2,2,0.335644,5,5,1.0,1,1,1.0,2,0.214286,3,2,0.0,3,0,1,1,bad credit
1,0.029412,2,0,0.7871130000000001,5,1,0.0,1,1,0.333333,2,0.07142899999999999,3,2,0.0,1,0,2,1,bad credit
1,0.117647,2,0,0.035105000000000004,1,5,1.0,1,1,1.0,3,0.392857,1,2,0.0,2,1,1,1,bad credit
3,0.294118,2,2,0.142236,3,5,0.666667,1,1,1.0,2,0.607143,3,2,0.0,3,0,1,1,good credit
1,0.073529,2,2,0.036756,1,3,1.0,2,1,0.0,2,0.196429,3,2,0.0,3,0,1,1,bad credit
1,0.294118,2,1,0.212556,3,2,0.666667,2,1,1.0,3,0.16071400000000002,3,1,0.0,3,0,1,1,bad credit
0,0.117647,3,0,0.060196000000000006,1,3,1.0,1,1,0.333333,1,0.428571,3,2,0.333333,2,1,1,1,good credit
2,0.029412,4,0,0.05772000000000001,1,3,0.0,1,1,0.0,1,0.982143,3,2,0.666667,1,1,1,2,good credit
3,0.470588,2,1,0.244085,1,3,0.333333,1,1,0.333333,4,0.232143,3,3,0.0,4,0,2,1,good credit
0,0.294118,2,0,0.06168200000000001,5,3,1.0,2,1,1.0,1,0.107143,3,1,0.0,3,0,1,1,bad credit
1,0.470588,0,3,0.195554,1,3,1.0,2,1,0.0,3,0.410714,3,2,0.0,3,0,2,1,bad credit
3,0.029412,2,5,0.02256,3,4,0.333333,1,1,1.0,1,0.07142899999999999,3,1,0.0,2,0,1,1,good credit
3,0.294118,2,3,0.31325,5,2,0.0,2,1,0.0,3,0.446429,3,2,0.333333,3,0,2,1,bad credit
0,0.558824,4,5,0.172994,1,1,1.0,1,2,1.0,3,0.8214290000000001,3,2,0.333333,1,0,1,1,good credit
3,0.205882,2,5,0.093155,1,2,1.0,2,1,1.0,1,0.07142899999999999,3,2,0.0,3,0,1,1,bad credit
0,0.470588,4,6,0.43001000000000006,1,3,0.666667,2,1,0.333333,4,0.107143,3,2,0.333333,4,0,2,1,bad credit
0,0.16176500000000002,4,2,0.067569,1,5,1.0,1,1,1.0,3,0.446429,3,2,0.333333,3,1,2,1,good credit
2,0.08823500000000001,2,0,0.054473,2,5,0.0,2,1,1.0,4,0.517857,3,3,0.0,2,1,1,1,bad credit
3,0.294118,4,0,0.09750199999999999,1,3,1.0,2,1,1.0,3,0.321429,3,2,0.0,3,0,2,1,good credit
3,0.205882,2,0,0.086387,1,3,0.333333,1,1,0.333333,2,0.196429,3,2,0.0,4,0,2,1,good credit
2,0.558824,0,9,0.33228800000000003,1,2,0.333333,1,1,0.0,2,0.25,3,2,0.333333,3,0,1,1,good credit
1,0.294118,4,2,0.246836,1,2,0.333333,2,1,1.0,3,0.107143,1,2,0.0,2,0,1,1,bad credit
0,0.8235290000000001,3,9,0.362386,1,5,0.666667,1,1,1.0,4,0.785714,3,2,0.333333,3,0,2,1,bad credit
0,0.338235,2,3,0.174205,1,3,0.666667,1,1,0.333333,3,0.14285699999999998,3,2,0.0,4,0,1,1,good credit
3,0.117647,2,1,0.24348000000000003,5,2,0.0,2,1,1.0,3,0.017856999999999998,3,1,0.0,3,0,1,1,good credit
0,0.073529,4,5,0.057115,2,5,0.666667,1,3,1.0,1,0.517857,3,2,0.333333,3,1,1,2,good credit
1,0.294118,1,6,0.087323,1,4,1.0,2,1,1.0,4,0.267857,1,3,0.0,2,0,1,1,bad credit
1,0.647059,2,3,0.154616,1,4,1.0,1,1,1.0,1,0.16071400000000002,3,2,0.333333,3,0,1,1,bad credit
0,0.16176500000000002,2,0,0.08094,1,2,0.333333,1,1,0.666667,1,0.303571,3,2,0.0,3,0,1,1,good credit
3,0.205882,2,3,0.010069,1,1,0.666667,2,2,1.0,1,0.053571,3,1,0.0,3,0,1,1,bad credit
0,0.029412,4,0,0.061131,1,2,0.333333,1,1,1.0,1,0.375,3,2,0.0,2,1,1,2,good credit
3,0.117647,2,2,0.072851,1,3,1.0,1,1,0.333333,1,0.553571,3,2,0.0,3,0,1,1,good credit
3,0.294118,2,0,0.054969000000000004,1,2,1.0,1,1,0.333333,1,0.16071400000000002,3,2,0.0,3,0,1,1,good credit
3,0.294118,2,3,0.18548499999999998,2,5,0.333333,1,1,1.0,3,0.214286,3,2,0.333333,3,0,1,1,bad credit
0,0.294118,2,0,0.06168200000000001,5,3,1.0,2,1,1.0,1,0.107143,3,1,0.0,3,0,1,1,bad credit
0,0.294118,2,0,0.158083,1,2,1.0,2,1,0.0,2,0.14285699999999998,3,2,0.0,3,0,1,1,bad credit
1,0.647059,0,9,0.6577529999999999,5,3,0.333333,1,1,0.333333,3,0.517857,1,2,0.0,4,0,2,1,good credit
3,0.073529,2,2,0.095191,1,2,0.333333,2,2,0.333333,3,0.0,3,1,0.333333,3,0,1,1,bad credit
1,0.16176500000000002,0,0,0.084076,1,2,0.333333,2,1,0.0,1,0.125,3,1,0.333333,1,0,1,1,bad credit
1,0.117647,2,0,0.0575,1,2,0.666667,2,1,0.0,3,0.107143,3,1,0.0,3,0,1,1,bad credit
0,0.382353,0,2,0.238418,1,3,0.333333,1,3,0.333333,1,0.232143,3,2,0.333333,3,0,1,1,good credit
1,0.647059,1,9,0.339276,1,5,1.0,2,1,0.666667,4,0.714286,3,1,0.0,3,0,1,1,bad credit
0,0.294118,2,2,0.08237,1,2,1.0,1,2,0.0,2,0.089286,3,2,0.0,2,0,1,2,good credit
1,0.073529,2,2,0.036756,1,3,1.0,2,1,0.0,2,0.196429,3,2,0.0,3,0,1,1,bad credit
1,0.470588,1,4,0.205788,5,2,0.666667,2,1,0.333333,4,0.178571,1,2,0.0,1,0,1,1,good credit
1,0.029412,3,9,0.065973,2,5,0.0,1,1,0.333333,3,0.214286,1,2,0.333333,3,1,1,1,good credit
1,0.073529,4,6,0.06883500000000001,1,5,0.333333,2,1,0.666667,3,0.267857,3,2,0.333333,4,0,2,1,bad credit
0,0.205882,4,0,0.27798,1,5,0.333333,1,1,1.0,4,0.303571,3,3,0.666667,4,0,2,1,good credit
3,0.294118,3,9,0.462089,1,2,0.333333,1,1,0.333333,3,0.14285699999999998,1,2,0.333333,3,0,2,1,bad credit
0,0.647059,4,1,0.324254,1,5,1.0,2,1,1.0,4,0.696429,2,3,0.333333,2,0,1,1,bad credit
1,0.029412,3,0,0.052767999999999995,1,1,1.0,1,1,1.0,2,0.5,3,2,0.0,4,0,2,1,bad credit
0,0.16176500000000002,2,0,0.204083,1,3,0.666667,2,1,0.333333,2,0.178571,3,2,0.0,3,0,2,1,bad credit
0,0.382353,2,2,0.335644,5,5,1.0,1,1,1.0,2,0.214286,3,2,0.0,3,0,1,1,bad credit
3,0.117647,4,3,0.030098000000000003,5,5,1.0,2,1,0.666667,2,0.25,1,2,0.0,2,1,1,1,bad credit
0,0.117647,3,0,0.060196000000000006,1,3,1.0,1,1,0.333333,1,0.428571,3,2,0.333333,2,1,1,1,good credit
1,0.205882,2,3,0.033895,1,3,1.0,1,3,0.333333,1,0.107143,3,2,0.0,2,0,1,1,good credit
3,0.25,4,1,0.166447,1,5,0.0,1,1,1.0,3,0.303571,3,2,0.0,4,0,2,1,good credit
1,0.16176500000000002,2,0,0.131011,2,3,0.333333,2,1,1.0,3,0.16071400000000002,3,1,0.333333,3,0,2,1,bad credit
3,0.25,4,0,0.683944,5,5,1.0,1,1,1.0,4,0.196429,3,3,0.0,4,0,2,1,bad credit
1,0.382353,2,2,0.17557999999999999,2,3,0.333333,2,2,1.0,3,0.035713999999999996,3,1,0.0,3,0,1,1,bad credit
1,0.647059,1,9,0.18245799999999998,2,4,1.0,1,1,0.333333,3,0.196429,3,2,0.0,3,0,1,1,good credit
0,0.117647,2,3,0.024816,1,3,1.0,1,1,0.333333,1,0.375,3,2,0.0,2,0,1,1,good credit
0,0.205882,2,0,0.039947,1,2,0.0,2,1,0.333333,3,0.07142899999999999,3,2,0.0,2,0,1,1,bad credit
1,0.602941,4,3,0.24738600000000002,1,2,1.0,1,1,0.333333,2,0.107143,3,2,0.333333,2,0,1,1,bad credit
1,0.16176500000000002,2,0,0.131011,2,3,0.333333,2,1,1.0,3,0.16071400000000002,3,1,0.333333,3,0,2,1,bad credit
1,0.25,4,2,0.137284,4,4,0.666667,1,1,0.333333,3,0.232143,3,2,0.333333,3,0,2,1,good credit
0,0.294118,4,0,0.05221699999999999,1,5,1.0,1,1,1.0,3,0.732143,3,2,0.333333,2,0,1,1,bad credit
1,0.16176500000000002,3,5,0.06944,4,3,0.666667,1,1,0.666667,2,0.75,2,2,0.333333,3,0,1,1,bad credit
0,0.08823500000000001,4,0,0.043358999999999995,1,4,1.0,1,2,0.666667,2,0.535714,3,2,0.333333,3,0,2,1,good credit
3,0.205882,2,3,0.06905499999999999,1,3,1.0,1,1,0.333333,4,0.232143,3,3,0.0,4,0,2,1,good credit
3,0.382353,2,3,0.11461400000000001,3,5,1.0,1,1,0.333333,3,0.196429,1,2,0.0,4,0,1,1,good credit
2,0.117647,2,3,0.05761,1,3,0.666667,1,1,1.0,1,0.07142899999999999,3,1,0.0,3,0,1,1,good credit
1,0.294118,4,6,0.302245,1,2,0.333333,2,1,1.0,4,0.089286,3,3,0.333333,3,0,2,1,good credit
0,0.294118,2,0,0.036591000000000005,5,5,1.0,2,1,0.333333,3,0.178571,1,2,0.0,3,0,1,1,bad credit
3,0.117647,2,6,0.06289199999999999,1,5,1.0,1,1,1.0,2,0.5,1,2,0.666667,3,1,2,1,good credit
3,0.470588,2,2,0.590074,1,1,1.0,2,1,0.333333,3,0.125,3,2,0.333333,4,0,2,1,bad credit
2,0.205882,2,3,0.10179400000000001,1,3,1.0,1,2,0.333333,1,0.321429,2,2,0.0,3,0,1,1,bad credit
0,0.073529,2,3,0.061405999999999995,1,2,0.666667,2,1,1.0,2,0.053571,3,1,0.0,3,0,1,1,bad credit
3,0.117647,4,2,0.16952799999999998,1,5,0.333333,1,1,1.0,2,0.410714,2,2,0.0,3,0,1,1,good credit
3,0.029412,4,3,0.090679,5,3,0.0,1,1,0.333333,1,0.267857,3,2,0.333333,2,1,1,1,good credit
0,0.382353,2,1,0.19847,1,3,1.0,1,1,1.0,2,0.375,3,2,0.0,4,0,2,1,good credit
1,0.132353,2,3,0.101849,1,2,0.333333,2,3,1.0,2,0.07142899999999999,3,2,0.0,2,0,1,1,good credit
3,0.029412,4,0,0.358259,1,4,0.0,1,1,0.666667,4,0.464286,3,2,0.333333,4,1,2,1,good credit
1,0.147059,2,9,0.063827,3,5,0.0,1,1,0.333333,1,0.28571399999999997,3,2,0.0,3,0,2,1,good credit
3,0.117647,2,3,0.155552,1,3,0.333333,1,1,1.0,3,0.589286,3,2,0.0,3,0,2,1,good credit
2,0.294118,2,2,0.092165,1,3,0.333333,1,1,0.333333,1,0.125,3,2,0.0,3,0,1,1,good credit
0,0.117647,2,3,0.025256,1,5,1.0,1,1,1.0,1,0.678571,2,2,0.0,2,0,1,1,bad credit
0,0.029412,2,2,0.061847000000000006,1,3,0.0,1,1,0.333333,1,0.303571,1,2,0.0,2,0,2,1,good credit
3,0.117647,2,2,0.083526,1,3,0.666667,1,1,0.333333,1,0.089286,3,1,0.0,2,0,1,1,good credit
3,0.294118,3,2,0.21464699999999998,2,3,0.333333,1,1,0.666667,2,0.28571399999999997,3,2,0.333333,3,0,1,1,good credit
1,0.470588,2,0,0.774073,1,5,1.0,1,1,0.333333,4,0.678571,3,3,0.0,4,0,2,1,bad credit
0,0.073529,2,3,0.061405999999999995,1,2,0.666667,2,1,1.0,2,0.053571,3,1,0.0,3,0,1,1,bad credit
1,0.382353,2,2,0.17557999999999999,2,3,0.333333,2,2,1.0,3,0.035713999999999996,3,1,0.0,3,0,1,1,bad credit
3,0.08823500000000001,4,0,0.053978,1,5,0.666667,1,1,1.0,1,0.232143,3,2,0.333333,2,1,1,2,good credit
0,0.25,2,3,0.087213,1,3,0.666667,2,1,0.333333,1,0.107143,3,2,0.333333,3,0,2,1,bad credit
3,0.029412,2,2,0.150105,3,3,0.0,1,1,0.333333,3,0.232143,3,2,0.0,3,0,2,1,good credit
0,0.117647,4,1,0.06377200000000001,1,5,1.0,1,1,0.666667,1,0.625,3,2,0.0,3,0,1,1,good credit
3,0.16176500000000002,2,1,0.24248899999999998,1,3,0.666667,1,1,0.333333,3,0.196429,3,2,0.0,3,0,2,1,good credit
3,0.117647,2,2,0.083526,1,3,0.666667,1,1,0.333333,1,0.089286,3,1,0.0,2,0,1,1,good credit
3,0.294118,4,3,0.119621,5,5,1.0,1,1,1.0,2,0.607143,3,2,0.333333,3,0,1,1,good credit
0,0.382353,4,1,0.57076,1,5,0.666667,1,1,1.0,4,0.33928600000000003,3,3,0.666667,4,1,2,1,good credit
3,0.117647,4,3,0.030098000000000003,5,5,1.0,2,1,0.666667,2,0.25,1,2,0.0,2,1,1,1,bad credit
0,0.294118,2,0,0.052658,1,2,1.0,2,1,1.0,2,0.089286,3,1,0.0,3,0,1,1,bad credit
1,0.8235290000000001,1,10,0.799604,2,5,0.666667,2,1,1.0,4,0.732143,1,3,0.333333,4,0,2,1,bad credit
0,0.029412,4,3,0.050567,5,5,1.0,1,1,1.0,1,0.857143,3,2,0.333333,3,0,2,1,good credit
3,0.294118,4,10,0.333663,1,1,1.0,1,2,0.333333,4,0.14285699999999998,1,2,0.333333,4,0,2,1,good credit
0,0.117647,4,1,0.07021000000000001,1,5,1.0,1,1,1.0,4,0.8392860000000001,3,3,0.333333,4,0,1,1,good credit
1,0.073529,2,3,0.04578,1,5,1.0,1,1,1.0,3,0.14285699999999998,3,2,0.333333,2,0,1,1,good credit
3,0.102941,4,0,0.383955,1,3,0.0,1,1,1.0,2,0.357143,3,2,0.333333,2,0,1,1,good credit
1,0.073529,2,2,0.036756,1,3,1.0,2,1,0.0,2,0.196429,3,2,0.0,3,0,1,1,bad credit
1,0.8235290000000001,3,3,0.39441,5,3,0.0,1,1,0.0,1,0.14285699999999998,3,2,0.0,2,0,1,1,good credit
0,0.205882,4,0,0.204468,1,5,0.0,2,1,1.0,1,0.25,1,1,0.666667,3,0,2,1,bad credit
0,0.235294,2,2,0.107956,5,4,1.0,1,1,1.0,3,0.357143,3,2,0.0,3,0,2,1,good credit
1,0.382353,2,2,0.17557999999999999,2,3,0.333333,2,2,1.0,3,0.035713999999999996,3,1,0.0,3,0,1,1,bad credit
3,0.117647,4,3,0.077308,1,5,0.333333,1,1,1.0,1,0.785714,3,2,0.333333,2,0,2,1,good credit
3,0.117647,4,0,0.055299,1,5,1.0,1,1,1.0,1,0.75,3,2,0.333333,2,0,1,1,good credit
3,0.205882,3,2,0.085727,1,4,1.0,2,1,0.0,1,0.053571,3,2,0.0,3,0,1,1,bad credit
0,0.647059,4,1,0.324254,1,5,1.0,2,1,1.0,4,0.696429,2,3,0.333333,2,0,1,1,bad credit
1,0.205882,4,3,0.085012,1,5,0.666667,2,3,1.0,1,0.517857,1,1,0.333333,2,0,2,1,good credit
1,0.294118,2,0,0.135798,1,3,0.666667,2,1,1.0,2,0.017856999999999998,3,1,0.0,2,0,2,1,bad credit
0,0.647059,1,9,0.40910100000000005,1,4,0.333333,2,3,1.0,3,0.321429,3,1,0.0,3,0,1,1,bad credit
0,0.294118,1,9,0.160174,1,3,1.0,1,1,0.333333,2,0.214286,3,1,0.0,3,0,2,1,bad credit
0,0.117647,2,2,0.12809500000000001,1,1,0.666667,2,1,1.0,4,0.642857,3,3,0.0,4,0,1,1,good credit
1,0.205882,2,0,0.043579,5,3,1.0,2,1,0.333333,2,0.25,3,2,0.0,3,0,1,1,bad credit
0,0.205882,2,0,0.053153,1,2,1.0,2,1,0.666667,3,0.07142899999999999,3,1,0.0,3,0,2,1,bad credit
1,0.294118,1,6,0.087323,1,4,1.0,2,1,1.0,4,0.267857,1,3,0.0,2,0,1,1,bad credit
1,0.294118,1,6,0.087323,1,4,1.0,2,1,1.0,4,0.267857,1,3,0.0,2,0,1,1,bad credit
1,0.117647,2,3,0.049796,1,5,0.666667,1,3,0.666667,1,0.375,1,2,0.333333,2,0,1,1,good credit
1,0.470588,2,3,0.133212,2,3,1.0,2,2,1.0,4,0.553571,3,3,0.0,3,0,1,1,bad credit
1,0.647059,1,9,0.18245799999999998,2,4,1.0,1,1,0.333333,3,0.196429,3,2,0.0,3,0,1,1,good credit
3,0.294118,4,2,0.26961599999999997,1,5,1.0,1,1,1.0,3,0.25,3,2,0.0,3,0,2,1,good credit
2,0.073529,2,3,0.027237,1,3,0.666667,2,1,0.333333,1,0.16071400000000002,3,2,0.0,2,0,1,1,bad credit
3,0.16176500000000002,2,4,0.055684000000000004,3,4,1.0,1,1,0.666667,2,0.303571,3,2,0.333333,3,0,2,1,good credit
3,0.205882,2,5,0.093155,1,2,1.0,2,1,1.0,1,0.07142899999999999,3,2,0.0,3,0,1,1,bad credit
3,0.294118,4,9,0.21398699999999998,2,3,0.666667,1,1,0.666667,2,0.14285699999999998,3,2,0.333333,2,0,2,1,good credit
1,0.294118,2,1,0.678387,1,5,1.0,2,1,0.333333,4,0.446429,3,3,0.0,4,0,2,1,bad credit
2,0.117647,1,9,0.019753,1,2,1.0,2,1,0.0,1,0.125,3,2,0.0,1,0,1,1,bad credit
1,0.294118,2,0,0.052328,1,2,1.0,1,1,0.0,2,0.125,3,2,0.0,3,0,1,1,good credit
0,0.16176500000000002,2,4,0.056399,5,3,1.0,2,1,0.333333,3,0.089286,3,1,0.0,3,0,1,1,bad credit
0,0.029412,2,2,0.061847000000000006,1,3,0.0,1,1,0.333333,1,0.303571,1,2,0.0,2,0,2,1,good credit
0,0.470588,2,0,0.49636800000000003,1,4,0.333333,1,1,0.0,3,0.089286,3,2,0.0,3,0,2,1,bad credit
3,0.470588,2,9,0.393914,5,5,0.666667,1,1,0.333333,2,0.321429,3,2,0.333333,3,0,1,1,good credit
1,0.16176500000000002,4,3,0.136349,5,4,1.0,1,3,0.333333,1,0.28571399999999997,1,2,0.666667,3,0,2,1,good credit
1,0.205882,2,6,0.054417999999999994,5,3,1.0,1,1,1.0,4,0.75,3,3,0.0,3,0,1,1,good credit
1,0.338235,3,1,0.31446,1,5,0.0,1,1,0.333333,3,0.196429,3,2,0.333333,4,0,2,1,good credit
3,0.073529,2,2,0.095191,1,2,0.333333,2,2,0.333333,3,0.0,3,1,0.333333,3,0,1,1,bad credit
1,0.647059,2,3,0.205183,5,4,1.0,1,1,0.0,3,0.392857,3,2,0.333333,3,1,2,1,good credit
3,0.205882,4,0,0.07042999999999999,1,3,0.666667,1,1,0.333333,2,0.232143,1,2,0.333333,3,0,1,1,bad credit
1,0.382353,2,2,0.197095,1,2,0.333333,1,1,0.0,2,0.053571,3,2,0.0,3,0,1,1,good credit
3,0.117647,4,3,0.030098000000000003,5,5,1.0,2,1,0.666667,2,0.25,1,2,0.0,2,1,1,1,bad credit
1,0.117647,2,3,0.028392,3,3,1.0,1,1,0.666667,1,0.8392860000000001,3,2,0.0,2,0,1,1,bad credit
3,0.16176500000000002,4,3,0.061076,1,3,1.0,1,1,0.333333,2,0.214286,3,2,0.333333,3,0,1,1,good credit
1,0.647059,3,6,0.32871100000000003,1,5,1.0,1,1,1.0,4,0.553571,3,3,0.0,3,0,1,1,bad credit
3,0.08823500000000001,2,0,0.05827,5,3,1.0,1,3,1.0,2,0.14285699999999998,3,2,0.0,2,0,1,1,bad credit
3,0.16176500000000002,2,2,0.135248,1,2,0.333333,1,1,0.666667,2,0.14285699999999998,1,2,0.333333,2,0,1,1,good credit
3,0.08823500000000001,2,0,0.06426799999999999,2,3,0.666667,1,1,0.333333,1,0.28571399999999997,3,1,0.0,2,0,1,2,good credit
0,0.205882,0,2,0.157588,1,2,0.0,2,1,1.0,2,0.125,3,1,0.0,3,0,1,1,bad credit
0,0.294118,1,2,0.170518,3,2,1.0,1,1,1.0,4,0.196429,3,3,0.0,3,1,2,1,bad credit
0,0.514706,4,2,0.766425,5,4,1.0,1,1,1.0,2,0.196429,3,2,0.333333,4,0,2,1,good credit
3,0.029412,2,5,0.02256,3,4,0.333333,1,1,1.0,1,0.07142899999999999,3,1,0.0,2,0,1,1,good credit
0,0.117647,2,4,0.027017000000000003,2,1,1.0,2,1,0.666667,2,0.053571,3,2,0.0,3,0,1,1,bad credit
0,0.117647,0,5,0.04721,1,4,1.0,1,1,0.666667,1,0.16071400000000002,3,2,0.333333,3,0,1,1,bad credit
0,0.514706,4,2,0.766425,5,4,1.0,1,1,1.0,2,0.196429,3,2,0.333333,4,0,2,1,good credit
1,0.294118,3,2,0.099813,1,1,0.666667,2,1,0.333333,2,0.267857,3,2,0.0,4,0,2,1,bad credit
0,0.205882,2,6,0.027512,1,1,1.0,2,1,0.0,1,0.14285699999999998,3,2,0.0,1,0,1,1,bad credit
1,0.205882,3,2,0.222681,1,5,1.0,1,1,0.666667,4,0.375,3,2,0.0,4,0,2,1,bad credit
3,0.294118,2,3,0.058379999999999994,2,4,1.0,1,1,0.666667,2,0.125,3,2,0.0,3,0,2,1,good credit
0,0.16176500000000002,2,0,0.204083,1,3,0.666667,2,1,0.333333,2,0.178571,3,2,0.0,3,0,2,1,bad credit
1,0.294118,2,1,0.212556,3,2,0.666667,2,1,1.0,3,0.16071400000000002,3,1,0.0,3,0,1,1,bad credit
0,0.029412,4,2,0.08924800000000001,1,1,1.0,1,1,1.0,4,0.303571,3,3,0.666667,4,0,2,1,good credit
3,0.073529,2,3,0.137724,2,5,0.666667,1,2,1.0,3,0.28571399999999997,3,2,0.0,3,0,2,1,good credit
0,0.16176500000000002,2,0,0.08094,1,2,0.333333,1,1,0.666667,1,0.303571,3,2,0.0,3,0,1,1,good credit
0,0.205882,2,0,0.039947,1,2,0.0,2,1,0.333333,3,0.07142899999999999,3,2,0.0,2,0,1,1,bad credit
3,0.294118,3,2,0.21464699999999998,2,3,0.333333,1,1,0.666667,2,0.28571399999999997,3,2,0.333333,3,0,1,1,good credit
1,0.338235,0,9,0.443931,1,5,0.333333,2,1,1.0,4,0.410714,3,3,0.333333,4,0,2,1,bad credit
1,0.25,2,9,0.051612,1,5,0.333333,2,1,1.0,2,0.357143,3,2,0.0,3,1,1,1,bad credit
0,0.117647,2,0,0.053813,1,3,1.0,2,1,0.333333,1,0.089286,3,2,0.0,2,0,1,1,bad credit
0,0.205882,4,2,0.10311400000000001,1,3,1.0,2,1,1.0,1,0.089286,3,1,0.333333,3,0,1,1,bad credit
1,0.647059,2,2,0.53428,1,2,0.0,2,1,0.333333,3,0.125,3,2,0.0,3,0,2,1,bad credit
3,0.382353,1,1,0.398096,5,1,1.0,2,1,0.0,1,0.607143,1,2,0.0,4,0,2,1,bad credit
3,0.205882,3,3,0.113899,1,1,0.333333,1,1,0.666667,1,0.267857,3,2,0.333333,3,0,1,1,good credit
3,0.8235290000000001,2,0,0.556619,1,5,0.333333,1,1,1.0,2,0.410714,3,2,0.0,4,0,2,1,good credit
2,0.294118,4,9,0.056399,4,3,0.333333,1,1,1.0,1,0.303571,3,2,0.333333,3,0,2,1,good credit
1,0.117647,2,0,0.096401,1,4,0.666667,1,1,1.0,2,0.196429,3,1,0.0,3,1,2,1,good credit
0,0.470588,2,3,0.112909,1,3,1.0,1,1,1.0,3,0.214286,3,1,0.0,3,0,1,1,bad credit
0,0.294118,2,2,0.15951400000000002,1,2,1.0,1,1,0.0,4,0.053571,1,3,0.0,3,0,1,1,good credit
1,0.205882,2,2,0.09211,5,2,1.0,2,1,0.666667,1,0.14285699999999998,3,1,0.0,3,0,1,1,bad credit
1,0.117647,4,1,0.088588,1,1,1.0,1,1,0.333333,3,0.267857,3,2,0.333333,4,0,2,1,good credit
1,0.117647,4,0,0.11642999999999999,3,4,0.666667,1,1,0.666667,3,0.303571,3,2,0.0,4,0,2,1,good credit
1,0.382353,2,2,0.197095,1,2,0.333333,1,1,0.0,2,0.053571,3,2,0.0,3,0,1,1,good credit
3,0.205882,4,3,0.073292,4,5,1.0,1,1,1.0,3,0.48214300000000004,3,2,0.333333,3,0,1,1,good credit
1,0.470588,3,9,0.23137399999999997,1,3,0.333333,1,1,0.333333,1,0.196429,2,2,0.333333,4,0,2,1,bad credit
0,0.558824,4,5,0.172994,1,1,1.0,1,2,1.0,3,0.8214290000000001,3,2,0.333333,1,0,1,1,good credit
1,0.235294,3,1,0.374546,5,4,0.666667,1,1,1.0,2,0.303571,1,1,0.333333,4,1,2,1,good credit
1,0.470588,2,3,0.133212,2,3,1.0,2,2,1.0,4,0.553571,3,3,0.0,3,0,1,1,bad credit
1,0.235294,3,1,0.374546,5,4,0.666667,1,1,1.0,2,0.303571,1,1,0.333333,4,1,2,1,good credit
1,0.16176500000000002,2,5,0.058214999999999996,1,5,1.0,1,1,1.0,3,0.33928600000000003,3,2,0.333333,2,0,1,1,good credit
0,0.08823500000000001,4,2,0.103555,5,2,0.333333,2,2,0.666667,1,0.14285699999999998,3,1,0.333333,3,0,1,2,good credit
1,0.16176500000000002,2,5,0.06955,2,3,1.0,1,3,0.333333,1,0.053571,3,2,0.0,3,0,1,1,good credit
0,0.205882,1,3,0.09299,1,2,0.666667,1,2,1.0,4,0.303571,1,3,0.0,4,0,2,1,good credit
0,0.470588,4,6,0.43001000000000006,1,3,0.666667,2,1,0.333333,4,0.107143,3,2,0.333333,4,0,2,1,bad credit
0,0.25,4,0,0.017662999999999998,1,5,1.0,1,1,1.0,1,0.8214290000000001,3,2,0.333333,3,0,1,1,good credit
1,0.073529,4,2,0.091834,1,4,1.0,1,1,0.666667,3,0.28571399999999997,3,1,0.0,3,0,2,1,good credit
3,0.029412,2,2,0.08341599999999999,1,3,0.0,1,1,0.333333,2,0.035713999999999996,3,1,0.0,3,0,1,1,good credit
1,0.117647,2,3,0.049961,3,3,0.666667,1,1,0.0,3,0.125,3,2,0.0,3,0,2,1,good credit
0,0.147059,2,0,0.48024700000000003,1,5,0.0,1,1,1.0,2,0.464286,3,2,0.0,4,0,2,2,bad credit
2,0.25,4,6,0.113844,1,2,0.333333,1,1,0.0,3,0.25,3,1,0.0,3,0,1,1,bad credit
0,0.25,2,0,0.193298,5,4,0.333333,1,2,0.333333,1,0.089286,3,2,0.0,2,0,1,2,good credit
1,0.294118,2,0,0.052328,1,2,1.0,1,1,0.0,2,0.125,3,2,0.0,3,0,1,1,good credit
3,0.294118,2,1,0.133652,1,2,1.0,2,1,0.0,4,0.178571,3,2,0.0,4,0,2,1,good credit
0,0.294118,3,3,0.077528,1,2,1.0,2,1,0.333333,3,0.178571,3,1,0.0,2,0,2,1,bad credit
1,0.117647,2,3,0.067899,5,3,0.333333,1,1,0.0,1,0.107143,3,2,0.0,3,0,2,1,bad credit
3,0.029412,2,3,0.074007,1,4,0.666667,1,1,0.333333,2,0.571429,3,2,0.0,3,1,1,1,good credit
3,0.16176500000000002,2,3,0.095136,5,5,1.0,1,1,0.333333,3,0.28571399999999997,3,2,0.0,3,0,1,1,good credit
0,0.294118,2,0,0.062232,5,3,1.0,2,1,0.333333,2,0.28571399999999997,3,2,0.0,3,0,1,1,bad credit
1,0.117647,4,0,0.09601599999999999,2,2,1.0,1,1,0.0,3,0.14285699999999998,3,2,0.0,3,0,1,1,good credit
1,0.029412,1,0,0.037471,2,2,0.0,2,1,0.0,2,0.232143,2,2,0.0,2,0,1,1,bad credit
3,0.102941,4,0,0.06289199999999999,1,2,1.0,2,1,1.0,3,0.28571399999999997,3,2,0.333333,4,0,1,1,good credit
0,0.294118,2,2,0.08237,1,2,1.0,1,2,0.0,2,0.089286,3,2,0.0,2,0,1,2,good credit
1,0.470588,3,0,0.14372200000000002,2,5,1.0,1,1,0.666667,4,0.196429,3,3,0.0,3,0,1,1,good credit
1,0.16176500000000002,3,5,0.06944,4,3,0.666667,1,1,0.666667,2,0.75,2,2,0.333333,3,0,1,1,bad credit
1,0.382353,3,9,0.12396800000000001,2,5,1.0,1,1,0.333333,2,0.392857,2,2,0.333333,3,0,1,1,good credit
3,0.294118,2,3,0.058379999999999994,2,4,1.0,1,1,0.666667,2,0.125,3,2,0.0,3,0,2,1,good credit
3,0.205882,4,6,0.088808,2,3,1.0,2,1,0.333333,1,0.196429,3,2,0.333333,3,0,1,1,bad credit
0,0.16176500000000002,4,2,0.039892000000000004,1,3,0.333333,1,1,0.666667,2,0.107143,3,2,0.333333,3,0,1,1,good credit
3,0.352941,1,1,0.416749,5,2,0.666667,1,3,1.0,1,0.375,1,1,0.333333,3,1,2,1,good credit
1,0.073529,1,0,0.065313,2,4,0.333333,1,1,0.666667,4,0.178571,3,2,0.0,3,0,1,1,bad credit
3,0.117647,4,6,0.182403,5,2,0.333333,1,1,0.0,2,0.321429,3,2,0.333333,2,1,1,1,good credit
0,0.647059,4,1,0.334599,1,5,1.0,1,1,1.0,4,0.48214300000000004,3,3,0.333333,3,0,2,1,bad credit
0,0.117647,2,0,0.053813,1,3,1.0,2,1,0.333333,1,0.089286,3,2,0.0,2,0,1,1,bad credit
1,0.647059,2,3,0.154616,1,4,1.0,1,1,1.0,1,0.16071400000000002,3,2,0.333333,3,0,1,1,bad credit
3,0.117647,4,3,0.014966,3,5,1.0,1,1,1.0,2,0.410714,3,2,0.333333,3,1,2,1,good credit
3,0.117647,2,0,0.06250700000000001,3,3,0.333333,2,1,0.333333,2,0.125,3,2,0.0,3,0,1,1,bad credit
0,0.205882,4,2,0.10311400000000001,1,3,1.0,2,1,1.0,1,0.089286,3,1,0.333333,3,0,1,1,bad credit
3,0.294118,2,3,0.058379999999999994,2,4,1.0,1,1,0.666667,2,0.125,3,2,0.0,3,0,2,1,good credit
0,0.205882,2,3,0.089799,1,3,1.0,2,1,1.0,3,0.107143,1,1,0.333333,3,0,1,1,bad credit
2,0.117647,1,9,0.019753,1,2,1.0,2,1,0.0,1,0.125,3,2,0.0,1,0,1,1,bad credit
1,0.117647,4,0,0.038957,1,4,0.333333,1,1,0.666667,1,0.5,3,2,0.333333,2,1,1,1,good credit
1,0.470588,4,0,0.14141099999999998,1,2,1.0,1,1,1.0,3,0.14285699999999998,3,2,0.333333,3,0,1,1,bad credit
3,0.294118,4,2,0.26961599999999997,1,5,1.0,1,1,1.0,3,0.25,3,2,0.0,3,0,2,1,good credit
0,0.117647,2,2,0.056784,1,3,0.333333,2,1,1.0,3,0.017856999999999998,3,1,0.0,3,0,1,1,bad credit
3,0.25,0,0,0.261527,5,3,0.0,2,1,1.0,2,0.178571,1,2,0.333333,3,0,2,1,bad credit
1,0.235294,0,1,0.32453000000000004,2,5,0.666667,1,1,1.0,3,0.214286,1,2,0.333333,3,0,2,1,good credit
3,0.294118,2,2,0.154727,3,5,1.0,1,1,0.666667,4,0.232143,3,1,0.0,3,0,2,1,good credit
1,0.029412,2,0,0.7871130000000001,5,1,0.0,1,1,0.333333,2,0.07142899999999999,3,2,0.0,1,0,2,1,bad credit
3,0.470588,4,3,0.170133,5,5,1.0,1,1,0.333333,3,0.571429,3,2,0.0,3,0,2,1,good credit
0,0.294118,2,3,0.056784,2,3,1.0,2,1,0.333333,3,0.232143,3,2,0.0,2,0,1,1,bad credit
0,0.294118,2,2,0.164191,1,2,1.0,2,1,1.0,1,0.07142899999999999,3,1,0.0,2,0,2,1,bad credit
1,0.16176500000000002,0,0,0.084076,1,2,0.333333,2,1,0.0,1,0.125,3,1,0.333333,1,0,1,1,bad credit
3,0.470588,3,0,0.584626,1,5,0.333333,1,1,0.333333,3,0.464286,3,2,0.333333,3,1,2,1,good credit
2,0.16176500000000002,2,9,0.13409300000000002,1,4,0.333333,1,1,1.0,2,0.125,3,1,0.0,3,0,2,1,good credit
2,0.470588,2,3,0.30802199999999996,1,3,1.0,1,1,0.0,3,0.089286,3,2,0.0,3,0,1,1,good credit
1,0.647059,2,2,0.53428,1,2,0.0,2,1,0.333333,3,0.125,3,2,0.0,3,0,2,1,bad credit
3,0.08823500000000001,2,6,0.026246,3,5,1.0,1,1,1.0,4,0.48214300000000004,3,3,0.0,3,0,2,1,good credit
3,0.205882,2,0,0.132717,5,4,1.0,1,1,0.666667,2,0.232143,3,2,0.0,3,0,1,2,good credit
3,0.647059,4,1,0.13761400000000001,5,5,1.0,1,1,0.666667,3,0.33928600000000003,3,2,0.333333,3,1,2,1,good credit
0,0.073529,2,3,0.061296,1,4,0.666667,1,1,1.0,1,0.714286,3,2,0.0,3,0,1,1,good credit
3,0.205882,4,0,0.138935,1,4,0.333333,1,1,0.333333,2,0.214286,1,2,0.333333,3,0,1,1,bad credit
3,0.08823500000000001,2,0,0.074117,3,3,0.666667,1,1,0.333333,4,0.375,3,1,0.0,2,1,1,2,good credit
3,0.294118,2,8,0.037801,1,2,1.0,1,1,0.666667,3,0.14285699999999998,3,2,0.333333,2,0,1,1,good credit
0,0.117647,0,5,0.04721,1,4,1.0,1,1,0.666667,1,0.16071400000000002,3,2,0.333333,3,0,1,1,bad credit
0,0.294118,2,2,0.164191,1,2,1.0,2,1,1.0,1,0.07142899999999999,3,1,0.0,2,0,2,1,bad credit
3,0.25,3,1,0.15093,1,3,0.666667,1,1,0.333333,1,0.16071400000000002,2,2,0.333333,2,0,1,1,good credit
3,0.470588,4,0,0.418455,1,3,1.0,2,1,0.333333,1,0.107143,2,2,0.333333,3,0,2,1,bad credit
0,0.205882,2,3,0.16177,1,3,0.333333,2,1,0.333333,1,0.089286,3,2,0.0,3,0,1,1,bad credit
0,0.294118,3,3,0.077528,1,2,1.0,2,1,0.333333,3,0.178571,3,1,0.0,2,0,2,1,bad credit
0,0.294118,4,1,0.35022600000000004,1,1,0.333333,1,1,1.0,4,1.0,3,3,0.333333,4,0,2,1,good credit
0,0.294118,2,0,0.036591000000000005,5,5,1.0,2,1,0.333333,3,0.178571,1,2,0.0,3,0,1,1,bad credit
2,0.08823500000000001,4,0,0.029218,1,5,1.0,1,1,1.0,4,0.785714,3,3,0.333333,3,0,2,1,good credit
1,0.382353,0,9,0.22174499999999997,2,3,1.0,2,1,1.0,3,0.125,3,1,0.333333,2,0,1,1,bad credit
2,0.16176500000000002,2,3,0.114284,1,2,0.333333,2,1,0.666667,1,0.107143,3,2,0.0,2,0,1,1,bad credit
3,0.25,3,2,0.073787,2,4,1.0,1,1,0.666667,1,0.267857,3,2,0.333333,4,0,1,1,good credit
3,0.08823500000000001,2,0,0.05706,5,5,1.0,1,2,0.333333,2,0.464286,3,2,0.0,2,0,1,2,good credit
0,0.338235,2,3,0.174205,1,3,0.666667,1,1,0.333333,3,0.14285699999999998,3,2,0.0,4,0,1,1,good credit
0,0.117647,4,0,0.17877200000000001,1,3,0.666667,2,2,0.333333,1,0.178571,3,2,0.333333,3,0,1,1,bad credit
0,0.117647,2,2,0.056784,1,3,0.333333,2,1,1.0,3,0.017856999999999998,3,1,0.0,3,0,1,1,bad credit
0,0.117647,4,1,0.07021000000000001,1,5,1.0,1,1,1.0,4,0.8392860000000001,3,3,0.333333,4,0,1,1,good credit
1,0.117647,0,2,0.149609,1,2,1.0,2,1,0.666667,2,0.107143,3,1,0.333333,3,0,1,1,bad credit
1,0.147059,2,9,0.063827,3,5,0.0,1,1,0.333333,1,0.28571399999999997,3,2,0.0,3,0,2,1,good credit
0,0.205882,4,2,0.10311400000000001,1,3,1.0,2,1,1.0,1,0.089286,3,1,0.333333,3,0,1,1,bad credit
1,0.294118,2,0,0.17948699999999998,2,4,0.333333,1,1,0.666667,3,0.33928600000000003,1,2,0.333333,3,0,2,1,good credit
1,0.294118,4,3,0.08215,1,5,1.0,1,1,0.333333,2,0.517857,3,2,0.333333,2,0,1,1,good credit
3,0.338235,2,5,0.27181700000000003,5,5,1.0,1,1,1.0,2,0.517857,3,2,1.0,3,1,2,1,good credit
3,0.470588,2,3,0.184054,1,5,1.0,1,1,0.333333,3,0.16071400000000002,3,2,0.0,3,0,1,1,good credit
0,0.205882,4,0,0.204468,1,5,0.0,2,1,1.0,1,0.25,1,1,0.666667,3,0,2,1,bad credit
1,0.16176500000000002,4,9,0.114229,3,3,0.333333,1,1,1.0,3,0.14285699999999998,1,2,0.0,3,0,1,1,good credit
3,0.16176500000000002,2,3,0.095136,5,5,1.0,1,1,0.333333,3,0.28571399999999997,3,2,0.0,3,0,1,1,good credit
3,0.029412,2,3,0.06030599999999999,2,5,0.333333,1,1,1.0,4,0.410714,1,3,0.0,3,1,2,1,good credit
0,0.470588,4,2,0.281776,1,3,0.666667,1,3,0.333333,2,0.16071400000000002,3,2,0.333333,3,0,1,1,good credit
1,0.470588,2,5,0.11742000000000001,1,2,1.0,1,1,0.0,4,0.25,3,1,0.0,2,0,1,1,bad credit
0,0.029412,4,0,0.18851099999999998,1,3,0.0,1,1,0.666667,1,0.321429,3,1,0.666667,3,1,1,1,good credit
2,0.029412,4,0,0.059039999999999995,2,5,0.333333,1,1,1.0,3,0.16071400000000002,3,2,0.333333,3,1,2,1,good credit
0,0.117647,2,2,0.077418,1,3,0.333333,1,1,0.333333,1,0.14285699999999998,3,2,0.0,3,0,1,1,good credit
3,0.647059,4,0,0.543469,3,3,0.333333,1,1,0.333333,4,0.446429,1,3,0.0,3,0,1,1,bad credit
3,0.205882,3,2,0.085727,1,4,1.0,2,1,0.0,1,0.053571,3,2,0.0,3,0,1,1,bad credit
0,0.029412,4,0,0.061131,1,2,0.333333,1,1,1.0,1,0.375,3,2,0.0,2,1,1,2,good credit
0,0.117647,2,3,0.047155,1,3,0.333333,1,1,0.333333,1,0.017856999999999998,3,1,0.0,4,1,2,1,good credit
0,0.470588,4,6,0.43001000000000006,1,3,0.666667,2,1,0.333333,4,0.107143,3,2,0.333333,4,0,2,1,bad credit
3,0.647059,4,1,0.13761400000000001,5,5,1.0,1,1,0.666667,3,0.33928600000000003,3,2,0.333333,3,1,2,1,good credit
0,0.205882,0,9,0.157038,1,4,0.666667,1,1,0.0,2,0.214286,1,2,0.0,3,0,2,1,good credit
3,0.073529,2,9,0.065973,1,4,0.666667,2,1,0.333333,3,0.14285699999999998,3,2,0.333333,3,0,1,1,good credit
3,0.294118,2,2,0.037361,5,4,1.0,1,1,0.333333,3,0.214286,2,2,0.0,3,0,2,1,good credit
0,0.294118,1,0,0.114174,2,4,0.333333,1,1,0.666667,3,0.232143,1,2,0.0,3,0,1,1,good credit
0,0.205882,0,9,0.157038,1,4,0.666667,1,1,0.0,2,0.214286,1,2,0.0,3,0,2,1,good credit
0,0.558824,3,3,0.22669699999999998,1,4,0.666667,1,1,0.333333,2,0.125,1,2,0.333333,3,1,2,1,bad credit
3,0.08823500000000001,4,0,0.053978,1,5,0.666667,1,1,1.0,1,0.232143,3,2,0.333333,2,1,1,2,good credit
3,0.16176500000000002,2,1,0.057775,5,5,1.0,1,1,1.0,4,0.464286,1,3,0.0,3,1,1,1,good credit
0,0.205882,4,0,0.27798,1,5,0.333333,1,1,1.0,4,0.303571,3,3,0.666667,4,0,2,1,good credit
1,0.647059,0,9,0.6577529999999999,5,3,0.333333,1,1,0.333333,3,0.517857,1,2,0.0,4,0,2,1,good credit
0,0.470588,4,2,0.11544000000000001,1,3,0.666667,1,1,0.333333,2,0.48214300000000004,3,2,0.333333,3,0,2,1,good credit
1,0.117647,4,0,0.038957,1,4,0.333333,1,1,0.666667,1,0.5,3,2,0.333333,2,1,1,1,good credit
3,0.294118,2,9,0.055464,1,4,1.0,1,1,0.0,1,0.107143,3,2,0.0,3,0,2,1,good credit
0,0.25,2,0,0.193298,5,4,0.333333,1,2,0.333333,1,0.089286,3,2,0.0,2,0,1,2,good credit
3,0.294118,2,9,0.238858,4,3,0.333333,1,1,0.666667,2,0.625,3,2,0.666667,4,0,2,1,bad credit
2,0.029412,2,0,0.025256,4,2,0.333333,1,1,0.333333,1,0.14285699999999998,3,2,0.0,1,0,1,2,good credit
0,0.029412,4,2,0.17244400000000001,1,3,0.0,1,1,1.0,1,0.446429,3,1,0.0,4,0,2,1,bad credit
3,0.205882,4,6,0.088808,2,3,1.0,2,1,0.333333,1,0.196429,3,2,0.333333,3,0,1,1,bad credit
0,0.294118,1,9,0.160174,1,3,1.0,1,1,0.333333,2,0.214286,3,1,0.0,3,0,2,1,bad credit
0,0.117647,2,0,0.056344000000000005,1,2,0.666667,2,1,0.0,1,0.321429,3,2,0.0,2,0,1,1,bad credit
3,0.117647,2,1,0.063993,4,4,0.666667,1,1,0.333333,2,0.642857,3,2,0.0,3,0,1,2,good credit
3,0.294118,2,0,0.393034,1,3,0.0,1,1,1.0,2,0.428571,3,2,0.0,2,1,1,1,good credit
1,0.205882,0,0,0.111588,2,2,0.666667,2,1,0.666667,3,0.16071400000000002,3,2,0.333333,3,0,1,1,bad credit
0,0.029412,4,2,0.08924800000000001,1,1,1.0,1,1,1.0,4,0.303571,3,3,0.666667,4,0,2,1,good credit
0,0.205882,2,3,0.089799,1,3,1.0,2,1,1.0,3,0.107143,1,1,0.333333,3,0,1,1,bad credit
3,0.117647,2,3,0.055684000000000004,1,3,0.666667,1,1,0.333333,3,0.107143,3,2,0.0,3,0,1,1,good credit
0,0.102941,4,0,0.202982,1,3,0.0,1,1,0.333333,1,0.375,3,2,0.333333,2,1,1,1,good credit
1,0.117647,0,2,0.149609,1,2,1.0,2,1,0.666667,2,0.107143,3,1,0.333333,3,0,1,1,bad credit
0,0.647059,4,1,0.334599,1,5,1.0,1,1,1.0,4,0.48214300000000004,3,3,0.333333,3,0,2,1,bad credit
3,0.205882,2,3,0.010069,1,1,0.666667,2,2,1.0,1,0.053571,3,1,0.0,3,0,1,1,bad credit
1,0.117647,2,2,0.038572,2,2,1.0,2,1,1.0,3,0.14285699999999998,1,1,1.0,3,0,1,1,bad credit
1,0.16176500000000002,4,3,0.070815,5,5,1.0,1,3,1.0,1,0.553571,3,2,0.333333,3,0,2,1,good credit
1,0.205882,2,9,0.093045,4,3,1.0,1,1,0.333333,2,0.28571399999999997,3,2,0.0,2,0,2,1,good credit
0,0.205882,4,2,0.10311400000000001,1,3,1.0,2,1,1.0,1,0.089286,3,1,0.333333,3,0,1,1,bad credit
3,0.205882,2,3,0.010069,1,1,0.666667,2,2,1.0,1,0.053571,3,1,0.0,3,0,1,1,bad credit
0,0.647059,1,9,0.40910100000000005,1,4,0.333333,2,3,1.0,3,0.321429,3,1,0.0,3,0,1,1,bad credit
1,0.205882,0,0,0.111588,2,2,0.666667,2,1,0.666667,3,0.16071400000000002,3,2,0.333333,3,0,1,1,bad credit
0,0.25,1,0,0.07686799999999999,5,3,1.0,1,1,0.333333,2,0.375,3,2,0.333333,2,1,1,1,bad credit
3,0.073529,2,3,0.067569,1,4,1.0,1,1,0.333333,3,0.053571,3,2,0.0,3,0,1,1,bad credit
3,0.073529,2,2,0.095191,1,2,0.333333,2,2,0.333333,3,0.0,3,1,0.333333,3,0,1,1,bad credit
1,0.294118,2,2,0.155112,2,5,1.0,1,1,1.0,4,0.196429,3,3,0.0,3,0,1,1,good credit
0,0.205882,2,3,0.089799,1,3,1.0,2,1,1.0,3,0.107143,1,1,0.333333,3,0,1,1,bad credit
3,0.08823500000000001,2,2,0.107846,1,3,0.333333,1,1,0.333333,1,0.107143,1,1,0.0,2,0,1,1,bad credit
3,0.044118,3,3,0.032794,5,5,0.666667,1,1,1.0,4,0.303571,3,3,0.0,3,0,1,1,good credit
3,0.117647,4,3,0.020249,1,5,1.0,1,1,1.0,1,0.660714,3,2,0.0,3,0,1,1,good credit
1,0.470588,4,1,0.305381,1,3,0.666667,1,1,1.0,3,0.267857,3,2,0.333333,3,0,2,1,good credit
0,0.16176500000000002,0,0,0.038517,1,5,1.0,1,1,0.666667,3,0.25,3,1,0.333333,3,1,1,1,bad credit
1,0.117647,2,0,0.0575,1,2,0.666667,2,1,0.0,3,0.107143,3,1,0.0,3,0,1,1,bad credit
3,0.073529,2,6,0.197095,5,5,0.0,1,1,1.0,1,0.803571,3,2,0.0,2,0,1,1,good credit
1,0.117647,2,5,0.021404,1,3,1.0,1,1,0.333333,3,0.196429,3,2,0.0,3,0,1,1,bad credit
0,0.029412,2,0,0.8058770000000001,1,5,0.0,1,1,1.0,4,0.875,1,2,0.0,4,0,2,1,bad credit
0,0.029412,4,0,0.033564,1,5,0.0,2,1,1.0,4,0.357143,3,2,0.333333,3,0,2,1,good credit
1,0.058824,2,3,0.06404800000000001,1,3,1.0,1,3,0.333333,1,0.25,3,2,0.0,3,0,1,2,good credit
2,0.294118,2,3,0.062012,2,5,1.0,2,1,0.333333,4,0.5,3,3,0.0,3,0,2,1,good credit
0,0.117647,2,0,0.053813,1,3,1.0,2,1,0.333333,1,0.089286,3,2,0.0,2,0,1,1,bad credit
0,0.205882,4,3,0.089689,1,4,1.0,1,1,0.0,2,0.232143,3,2,0.333333,4,0,2,1,good credit
0,0.102941,4,0,0.202982,1,3,0.0,1,1,0.333333,1,0.375,3,2,0.333333,2,1,1,1,good credit
1,0.117647,3,3,0.018433,1,3,1.0,1,2,1.0,1,0.017856999999999998,3,1,0.333333,3,0,1,1,good credit
0,0.029412,2,0,0.052438,2,5,0.666667,1,1,0.333333,2,0.428571,3,2,0.0,3,0,2,1,good credit
1,0.205882,2,3,0.047485,1,3,1.0,2,3,1.0,1,0.125,3,2,0.0,2,1,1,1,good credit
1,0.073529,4,2,0.091834,1,4,1.0,1,1,0.666667,3,0.28571399999999997,3,1,0.0,3,0,2,1,good credit
1,0.029412,1,0,0.037471,2,2,0.0,2,1,0.0,2,0.232143,2,2,0.0,2,0,1,1,bad credit
3,0.117647,2,0,0.089909,1,5,1.0,1,1,1.0,3,0.357143,3,2,0.0,4,0,2,1,good credit
1,0.470588,3,9,0.23137399999999997,1,3,0.333333,1,1,0.333333,1,0.196429,2,2,0.333333,4,0,2,1,bad credit
1,0.205882,2,1,0.139155,1,3,0.0,1,1,0.666667,3,0.035713999999999996,3,1,0.0,3,0,2,1,good credit
1,0.25,2,9,0.051612,1,5,0.333333,2,1,1.0,2,0.357143,3,2,0.0,3,1,1,1,bad credit
0,0.205882,2,3,0.16177,1,3,0.333333,2,1,0.333333,1,0.089286,3,2,0.0,3,0,1,1,bad credit
3,0.470588,2,6,0.484483,5,3,0.333333,1,1,1.0,4,0.28571399999999997,3,3,0.0,2,1,2,1,good credit
0,0.294118,2,2,0.20743899999999998,1,3,0.333333,1,1,0.333333,3,0.14285699999999998,2,2,0.0,3,0,1,1,good credit
3,0.294118,2,3,0.111918,1,4,1.0,1,1,0.333333,3,0.16071400000000002,3,2,0.0,3,0,2,1,good credit
0,0.294118,2,3,0.086552,1,1,1.0,1,1,0.333333,3,0.196429,2,2,0.0,4,1,1,1,bad credit
0,0.294118,2,0,0.06168200000000001,5,3,1.0,2,1,1.0,1,0.107143,3,1,0.0,3,0,1,1,bad credit
1,0.205882,2,0,0.043579,5,3,1.0,2,1,0.333333,2,0.25,3,2,0.0,3,0,1,1,bad credit
1,0.073529,2,2,0.039012,1,3,0.0,2,1,0.333333,3,0.178571,3,2,0.0,3,0,1,2,bad credit
3,0.294118,4,3,0.133928,1,3,1.0,1,1,0.333333,1,0.28571399999999997,3,2,0.333333,2,0,1,1,good credit
1,0.294118,3,9,0.24551599999999998,5,3,1.0,1,1,0.333333,2,0.321429,1,2,0.333333,4,0,2,1,good credit
3,0.073529,2,0,0.183064,2,3,0.0,1,3,0.333333,1,0.125,3,1,0.0,3,1,1,2,good credit
3,0.338235,3,9,0.2678,1,4,0.666667,1,1,1.0,3,0.125,3,2,0.333333,3,0,1,1,good credit
3,0.117647,2,2,0.048036,3,3,1.0,2,1,1.0,3,0.178571,3,1,0.0,2,0,1,1,bad credit
0,0.117647,2,4,0.027017000000000003,2,1,1.0,2,1,0.666667,2,0.053571,3,2,0.0,3,0,1,1,bad credit
0,0.205882,4,5,0.051722000000000004,1,1,0.333333,2,1,1.0,4,0.642857,3,3,0.666667,1,1,1,1,bad credit
1,0.25,2,9,0.051612,1,5,0.333333,2,1,1.0,2,0.357143,3,2,0.0,3,1,1,1,bad credit
1,0.294118,3,2,0.099813,1,1,0.666667,2,1,0.333333,2,0.267857,3,2,0.0,4,0,2,1,bad credit
0,0.294118,2,0,0.158083,1,2,1.0,2,1,0.0,2,0.14285699999999998,3,2,0.0,3,0,1,1,bad credit
3,0.117647,4,2,0.09271499999999999,1,5,1.0,1,1,1.0,1,0.428571,3,2,0.666667,3,0,2,1,good credit
0,0.382353,0,2,0.238418,1,3,0.333333,1,3,0.333333,1,0.232143,3,2,0.333333,3,0,1,1,good credit
0,0.029412,2,6,0.010895,1,2,1.0,2,1,1.0,2,0.07142899999999999,3,2,0.0,3,0,1,1,bad credit
0,0.117647,2,6,0.029988,1,2,1.0,2,1,1.0,2,0.607143,3,2,0.0,3,0,1,1,bad credit
0,0.117647,2,2,0.057170000000000006,1,3,1.0,1,3,0.0,2,0.035713999999999996,3,2,0.0,2,0,1,1,good credit
3,0.16176500000000002,4,2,0.170188,1,3,1.0,1,1,0.333333,4,0.16071400000000002,3,3,0.0,3,0,2,1,good credit
